trial_code;hospital_id
NCT01351103;130bd358
NCT01351103;6d6046e1
NCT01351103;a7c8be5f
NCT01351103;337a187e
NCT01351103;a471a342
NCT01351103;4611670a
NCT01351103;3bae964d
NCT01804686;1c0e92f4
NCT01804686;12abb9e7
NCT02194842;fd7c6e16
NCT02194842;8ed402bb
NCT02194842;6cdceeae
NCT02194842;5e59b42f
NCT02194842;39612ade
NCT02194842;d4a1f4e8
NCT02275286;fef0b169
NCT02275286;4e1aeb0c
NCT02275286;95b53331
NCT02275286;3378af33
NCT02275286;75de569d
NCT02275286;5f2da6d6
NCT02303821;23f799a1
NCT02448420;08eb075d
NCT02448420;7a367d9c
NCT02448420;5df03eb3
NCT02448420;cad1f698
NCT02448420;014c74a5
NCT02448420;af8a240e
NCT02448420;b0128a3d
NCT02448420;e57c3243
NCT02448420;1a84ddf7
NCT02448420;e43561c9
NCT02448420;958b05f3
NCT02448420;87bcb322
NCT02448420;81f30df9
NCT02448420;e0d4287a
NCT02448420;89d63d5e
NCT02448420;d5c28438
NCT02448420;78dfd8ec
NCT02448420;08c60077
NCT02448420;a0d6ebe1
NCT02448420;55ff5670
NCT02448420;3576f4e4
NCT02448420;40dfd9b5
NCT02448420;3a04daad
NCT02448420;e08dd841
NCT02448420;0f6a5ff3
NCT02448420;ac317423
NCT02500407;5e528ef3
NCT02500407;c8bb9f11
NCT02576431;6da16a80
NCT02576431;72d991a5
NCT02576431;3c5efef0
NCT02576431;1f7c8ee8
NCT02576431;1e42835c
NCT02576431;16d2b41e
NCT02576431;5c31aa5b
NCT02576431;d57d0a12
NCT02576431;c26bf648
NCT02576431;214eb259
NCT02576431;070437ea
NCT02576431;385b9a3c
NCT02598661;3756181d
NCT02611024;29e4de37
NCT02611024;374c15b9
NCT02611024;61290c6c
NCT02611024;817737a5
NCT02611024;a5a61bae
NCT02611024;3c5efef0
NCT02611024;571dbaba
NCT02628067;07536efc
NCT02628067;94fb08e9
NCT02628067;75d9fbd4
NCT02629692;dfa51b65
NCT02629692;d298c8c9
NCT02629692;6f765624
NCT02685605;4a356ef0
NCT02715284;e7f76e74
NCT02715284;4f1fc8a9
NCT02715284;60bccda4
NCT02715284;20d3af65
NCT02715284;be8539a9
NCT02715284;c8bb9f11
NCT02715284;65a5dbaf
NCT02715284;7d54d0bc
NCT02715284;4aa43d0a
NCT02715284;60708dde
NCT02715284;e4b0221a
NCT02715284;2f468dc2
NCT02715284;ceaf5cc4
NCT02773030;63f30e2b
NCT02773030;1a1091f6
NCT02773030;7a4bd446
NCT02773030;f1ff9973
NCT02799706;a24ff1bc
NCT02799706;b4502765
NCT02817633;94fb08e9
NCT02817633;6566add5
NCT02831959;81e3cc2a
NCT02848001;dc8f539a
NCT02848001;f7caa93e
NCT02848001;219bd912
NCT02899052;3f0adfbc
NCT02912949;384dc925
NCT02912949;db38d73e
NCT02912949;acda8877
NCT02912949;7622794d
NCT02912949;36dec096
NCT02912949;385b9a3c
NCT02960022;623dde96
NCT02969083;3e912a4f
NCT02969083;734eb4fb
NCT02969083;e41e90ae
NCT02969083;145782b2
NCT02969083;6c4433b1
NCT02969083;e1cf361d
NCT02969083;b5a06c86
NCT02986516;c8101d54
NCT03006172;643abfe9
NCT03006172;72d991a5
NCT03069469;41c7f0a5
NCT03069469;a0b5398c
NCT03075696;43d15f87
NCT03075696;d76acae1
NCT03075696;effbe64e
NCT03075696;c9f1cf47
NCT03075696;5a3c9ba7
NCT03093116;b963ade6
NCT03093116;21e9b33e
NCT03093116;1cce4f3a
NCT03093116;98785999
NCT03093116;39612ade
NCT03093116;d0c14027
NCT03093116;05b81283
NCT03114319;aecb0036
NCT03114319;5df03eb3
NCT03114319;5e528ef3
NCT03114319;5b454c2a
NCT03145181;e5e750d3
NCT03145181;c64b00d0
NCT03157128;5070000
NCT03157128;9596dcb5
NCT03157128;90ddf73c
NCT03165734;0a905273
NCT03175224;7e139329
NCT03175224;5f2da6d6
NCT03175224;2,83E+178
NCT03175224;384dc925
NCT03175224;08c60077
NCT03175224;8598924d
NCT03175224;3c4daa8c
NCT03175224;bce223b0
NCT03175224;54107721
NCT03175224;cc18dc2c
NCT03175224;d4252b8c
NCT03178552;1e42835c
NCT03178552;369368c8
NCT03178552;1d552b57
NCT03178552;8d96c04e
NCT03178552;601ca0f8
NCT03178552;5f342291
NCT03178552;d72d2b62
NCT03178552;300b6042
NCT03178552;5c31aa5b
NCT03178552;1a37096c
NCT03178552;dfa51b65
NCT03178552;254dedca
NCT03178552;abe8323e
NCT03212404;c46a9032
NCT03212404;24e9c06a
NCT03212404;6b0405cb
NCT03212404;82bfc550
NCT03212404;cfdf42cd
NCT03242382;1d209abd
NCT03242382;8b76dd05
NCT03242382;6bf901ed
NCT03242382;a77ed7ec
NCT03242382;554b48cd
NCT03242382;abe8323e
NCT03242382;8,79E+85
NCT03242382;e7f76e74
NCT03250338;791683bd
NCT03260023;213a2a01
NCT03260023;0616d64d
NCT03260023;da44b86c
NCT03260023;ea4e499f
NCT03260023;1,01E+09
NCT03260023;fe4d9781
NCT03267316;ef05b789
NCT03275103;fe5ecf11
NCT03277924;6b72295e
NCT03277924;12b249e4
NCT03277924;81fee6f1
NCT03277924;fa5aacc4
NCT03277924;ec38c1d2
NCT03310957;596b7532
NCT03310957;1,01E+09
NCT03310957;eaccc94c
NCT03310957;ad1f9faf
NCT03319940;230e274b
NCT03319940;be8539a9
NCT03319940;77808a26
NCT03319940;c06af0d1
NCT03319940;194f8ead
NCT03328884;3d330944
NCT03328884;5f342291
NCT03328884;c0aaac41
NCT03328884;c64b00d0
NCT03328884;255d0d07
NCT03328884;d5c28438
NCT03328884;d5653f49
NCT03328884;0fa243c2
NCT03328884;9a5b41c0
NCT03328884;554b48cd
NCT03337698;65d53108
NCT03337698;c086ff58
NCT03337698;9769aaec
NCT03337698;be79e106
NCT03337698;2be66701
NCT03362177;5b4be63a
NCT03362177;c9f1cf47
NCT03362177;cfdf42cd
NCT03362177;1cba5473
NCT03369223;6ff161ac
NCT03369223;65d53108
NCT03369223;a9993451
NCT03369223;bfd0de7c
NCT03369223;0f8d3b42
NCT03369223;6fcaaf8c
NCT03369223;b457a0be
NCT03377491;98364377
NCT03377491;01520f2c
NCT03377491;3e21c175
NCT03377491;168a085d
NCT03377491;dcbd7804
NCT03377491;9,56E+12
NCT03377491;5b0803dd
NCT03377491;b20e1260
NCT03377491;d5a663fb
NCT03390504;63949518
NCT03390504;f314817a
NCT03390504;be8539a9
NCT03390504;ff9661b6
NCT03390504;3431454
NCT03390504;c64b00d0
NCT03390504;30ad16f7
NCT03390504;d4a1f4e8
NCT03390504;f16e000e
NCT03390504;2c64e9ae
NCT03390504;8,79E+85
NCT03390504;214eb259
NCT03390504;c36bf3eb
NCT03390504;ac5fcb60
NCT03390504;b3c24f92
NCT03390504;4aa43d0a
NCT03390504;583b971f
NCT03390504;1,01E+09
NCT03390504;ad6b5e7c
NCT03391778;ad1f9faf
NCT03391778;d5a663fb
NCT03399799;57298d6d
NCT03399799;91dd839b
NCT03399799;1a2cac2c
NCT03399799;90b89484
NCT03399799;e4ec5fcf
NCT03399799;91a7638c
NCT03399799;b6a14168
NCT03410615;b2463ab2
NCT03410615;fa3a8498
NCT03410615;c407b1cb
NCT03424005;c06af0d1
NCT03424005;038dff84
NCT03424005;9d6ca771
NCT03424005;2fa421ab
NCT03424005;a77786f2
NCT03441113;2ae1848d
NCT03441113;e62180ff
NCT03448042;1cba5473
NCT03448042;11e8049a
NCT03448042;e1574622
NCT03448042;1ed21dce
NCT03460977;9596dcb5
NCT03460977;e9c5c305
NCT03460977;1a37096c
NCT03460977;cd8abe6f
NCT03460977;a4e848e0
NCT03460977;feeed2f3
NCT03460977;82bfc550
NCT03460977;3b431668
NCT03467373;0d6ca1b6
NCT03485209;e67b0784
NCT03485209;4c744969
NCT03485209;c086ff58
NCT03485209;d6d215ff
NCT03485209;dc60f355
NCT03486067;3bae964d
NCT03486067;dc71ace5
NCT03486067;e5ba8bf4
NCT03486067;44bed6f5
NCT03486873;c0c9ea0f
NCT03486873;61290c6c
NCT03486873;19fa8996
NCT03486873;46538524
NCT03486873;d134dcb9
NCT03486873;38168bc1
NCT03486873;434f8ded
NCT03486873;9f9b9ca9
NCT03486873;ff9661b6
NCT03486873;84ed3a7b
NCT03486873;fa7eb42b
NCT03498716;75de569d
NCT03498716;7353e0af
NCT03498716;e3ed6ec2
NCT03498716;812e3eaa
NCT03498716;9d113d42
NCT03498716;e6995819
NCT03498716;8f49028a
NCT03498716;30ad16f7
NCT03498716;88a88aa3
NCT03498716;b38a7550
NCT03498716;777e7769
NCT03498716;43d15f87
NCT03498716;fcf82d0f
NCT03498716;7d60cff1
NCT03498716;2a030efb
NCT03498716;222a994d
NCT03498716;aeb034cc
NCT03498716;82ddf5d4
NCT03498716;65882b3e
NCT03498716;6f48436f
NCT03498716;406393a3
NCT03516214;b312ddca
NCT03526835;958b05f3
NCT03526835;cfc8c788
NCT03526835;089d41ad
NCT03526835;a0d6ebe1
NCT03530397;49ca2dcc
NCT03530397;cdb7d342
NCT03530397;dfa51b65
NCT03530397;18df17bb
NCT03530397;a16e7837
NCT03530397;61290c6c
NCT03530397;1c0e92f4
NCT03530397;f0939fb2
NCT03530397;7be0aaf1
NCT03530397;f7ebfdaf
NCT03530397;4f6cbc91
NCT03530397;65a5dbaf
NCT03533283;9d113d42
NCT03533283;d6d215ff
NCT03533283;42ec3f59
NCT03533283;777e7769
NCT03533283;ba61f11d
NCT03539536;81e3cc2a
NCT03539536;3431454
NCT03539536;36b9beb1
NCT03539536;374c15b9
NCT03539536;611b0b19
NCT03539536;23527e9d
NCT03539536;5f342291
NCT03539536;47861f77
NCT03539536;3378af33
NCT03539536;0db595ab
NCT03539536;e3ed6ec2
NCT03564691;06fbe734
NCT03564691;ff9661b6
NCT03571568;502b5751
NCT03571568;2e96cd0f
NCT03571568;b797a431
NCT03571568;5b4be63a
NCT03571568;7ad39707
NCT03590574;33aef6e5
NCT03616587;75d9fbd4
NCT03616587;49ca2dcc
NCT03616587;4611670a
NCT03616587;ebecda7f
NCT03645928;4ff8a319
NCT03645928;9992db34
NCT03645928;5070000
NCT03645928;0eb42a71
NCT03645928;3431454
NCT03653507;7622794d
NCT03656536;cc9b511d
NCT03656536;dfa51b65
NCT03656536;749d089c
NCT03656536;070437ea
NCT03656536;b7e78588
NCT03656536;8e8ca599
NCT03656536;a4d62f85
NCT03662126;1c0e92f4
NCT03662126;8c361c2b
NCT03662126;5740a294
NCT03669718;611b0b19
NCT03669718;4b60e6aa
NCT03669718;30ad7f74
NCT03669718;fcac0760
NCT03669718;c01adebb
NCT03669718;8664fbe3
NCT03677154;219bd912
NCT03677154;d79b223b
NCT03677154;91a1443d
NCT03677154;21277108
NCT03711032;255d0d07
NCT03711032;2f22ffa4
NCT03711032;7db3f394
NCT03711032;e4ec5fcf
NCT03711032;82ddf5d4
NCT03714334;a159daa2
NCT03714334;2,83E+178
NCT03724071;5df03eb3
NCT03724071;4ef54e17
NCT03724071;d467b576
NCT03733990;5c31aa5b
NCT03739710;36dec096
NCT03739710;568e1359
NCT03739710;5c31aa5b
NCT03742895;ef72dfdb
NCT03753919;8aae9e43
NCT03753919;5effcc72
NCT03753919;d0cecb94
NCT03753919;3bae964d
NCT03753919;8d96c04e
NCT03753919;2e22effc
NCT03753919;269c52bb
NCT03753919;2996fcf3
NCT03753919;fa5aacc4
NCT03753919;21830a53
NCT03753919;cfc8c788
NCT03755154;e08dd841
NCT03765918;c64b00d0
NCT03765918;83c6f8b8
NCT03765918;5b0803dd
NCT03765918;cd1498ac
NCT03765918;f04929f1
NCT03765918;df82ff55
NCT03765918;5b0803dd
NCT03767075;b0128a3d
NCT03768570;a5a61bae
NCT03768570;0b8d0981
NCT03768570;2cd07d61
NCT03768570;dc8ce339
NCT03768570;e939cbe0
NCT03768570;014c74a5
NCT03768570;2cfa42f7
NCT03773302;6c4433b1
NCT03778229;d073b74c
NCT03778229;6cdceeae
NCT03779113;1fc656ee
NCT03779113;b44f8662
NCT03779113;dc57f9ef
NCT03779113;415501b0
NCT03786926;8cbaa008
NCT03786926;4b60e6aa
NCT03786926;e14d7e39
NCT03786926;a2fdc187
NCT03786926;0303f28f
NCT03816163;81f30df9
NCT03816163;ae9a1fc6
NCT03816163;9c2b76e1
NCT03816163;d073b74c
NCT03816163;1c8b2855
NCT03816163;05022ca2
NCT03816163;08798d58
NCT03816163;255d0d07
NCT03816163;ef3533d5
NCT03820830;d8bd6825
NCT03820830;e41e90ae
NCT03820830;0303f28f
NCT03820830;9058a100
NCT03820830;d5c28438
NCT03820830;b0c7b01c
NCT03820830;0ffea59e
NCT03820830;0a6ef5f1
NCT03820830;e3ed6ec2
NCT03820830;a8dff199
NCT03821935;a0b5398c
NCT03821935;3378af33
NCT03833154;130bd358
NCT03833154;8b76dd05
NCT03833154;60a68575
NCT03833154;0ca41679
NCT03833154;ec57f544
NCT03833154;db9438cf
NCT03833154;feeed2f3
NCT03833154;da44b86c
NCT03833154;18a33811
NCT03833167;b992bdda
NCT03833167;ef72dfdb
NCT03833167;08c2e197
NCT03833167;4f1fc8a9
NCT03833167;868d5c79
NCT03833479;b3c24f92
NCT03833479;8cbaa008
NCT03833479;786aa03b
NCT03833479;ac5fcb60
NCT03833479;d0c14027
NCT03833479;d5653f49
NCT03833479;4493633d
NCT03833479;7be0aaf1
NCT03833479;d8bd6825
NCT03833479;58297c7b
NCT03833479;5416769d
NCT03833479;145782b2
NCT03833479;f7ebfdaf
NCT03833479;81fee6f1
NCT03833479;438248f8
NCT03833479;cd067087
NCT03833479;81fee6f1
NCT03843359;30b7cafc
NCT03843359;5c31aa5b
NCT03843359;40dfd9b5
NCT03869190;657ebdf7
NCT03869190;eaccc94c
NCT03869190;db38d73e
NCT03869190;db9438cf
NCT03869190;5f342291
NCT03869190;872237dd
NCT03869190;fff913b7
NCT03869190;3220a66f
NCT03871829;9998be1c
NCT03871829;e6995819
NCT03888105;cc18dc2c
NCT03888105;451b4762
NCT03888105;d134dcb9
NCT03888105;0b15c33d
NCT03893955;d6d215ff
NCT03893955;4ea3e576
NCT03893955;384dc925
NCT03893955;82785275
NCT03901469;9a8a0cc5
NCT03902184;5b454c2a
NCT03917381;d467b576
NCT03917381;0a6ef5f1
NCT03917381;9ca6f08f
NCT03917381;a7099531
NCT03917381;194f8ead
NCT03917381;4edb44bd
NCT03917381;ea4e499f
NCT03924869;520f0571
NCT03924895;4a356ef0
NCT03924895;09c5dc73
NCT03924895;30083f3d
NCT03924895;75de569d
NCT03924895;17e04a70
NCT03924895;898635d8
NCT03924895;c46a9032
NCT03930953;8664fbe3
NCT03930953;f00f6079
NCT03930953;362247af
NCT03930953;d298c8c9
NCT03937154;8976bc76
NCT03937154;9fbbd5f0
NCT03937154;dfb778cf
NCT03937154;7aa25d06
NCT03944772;b3c24f92
NCT03944772;ebca53fb
NCT03944772;e50751f1
NCT03944772;1d209abd
NCT03944772;db38d73e
NCT03944772;dc8f539a
NCT03968653;2e96cd0f
NCT03969004;0390dd6d
NCT03969004;c975d68a
NCT03969004;384dc925
NCT03969004;98364377
NCT03969004;374c15b9
NCT03973333;ad51853f
NCT03973333;406393a3
NCT03973333;a5a61bae
NCT03973333;47c37117
NCT03982797;62f4d39d
NCT03982797;8b76dd05
NCT03989414;369368c8
NCT03989414;fa5aacc4
NCT03989414;af8a240e
NCT03989414;ec87043b
NCT03993873;65882b3e
NCT03993873;f995360e
NCT03993873;78dfd8ec
NCT03993873;5fc847f5
NCT04000529;97fd4c03
NCT04002297;6f48436f
NCT04002297;42ec3f59
NCT04002297;4e949b55
NCT04002297;622b5a38
NCT04002297;c500c666
NCT04002297;d25c72da
NCT04008030;734eb4fb
NCT04008030;12abb9e7
NCT04008030;f9fffacb
NCT04008030;3576f4e4
NCT04008030;aecb0036
NCT04008030;ebecda7f
NCT04008030;83c6f8b8
NCT04024436;a52deb62
NCT04024436;3c6cecd5
NCT04024436;1821989c
NCT04024436;77ad3f7a
NCT04024436;e0d4287a
NCT04031677;b62a30ee
NCT04031677;4ba7a6b5
NCT04031677;7f1ba71b
NCT04044768;db38d73e
NCT04044768;bcb2a6aa
NCT04044768;2f22ffa4
NCT04044859;30a3c5c6
NCT04044859;43d15f87
NCT04044859;3b431668
NCT04044859;63f30e2b
NCT04044859;cfdf42cd
NCT04044859;311dbdb7
NCT04044859;03f66a23
NCT04044859;30083f3d
NCT04058756;8ced6b02
NCT04069026;60efba94
NCT04069026;dfef8fbd
NCT04069026;23a11ca6
NCT04077463;c0c9ea0f
NCT04077463;50921430
NCT04077463;529eea97
NCT04077463;ebecda7f
NCT04077463;13244f13
NCT04077463;1ea8f6e5
NCT04077463;57298d6d
NCT04077463;434f8ded
NCT04077723;91a1443d
NCT04101357;ace4fb0a
NCT04101357;d0cecb94
NCT04101357;25ec0c89
NCT04102020;d4252b8c
NCT04102020;733ac4c8
NCT04102020;d9e3509d
NCT04113616;03f66a23
NCT04113616;da562081
NCT04113616;1102b5e5
NCT04116658;d06b2bf9
NCT04116658;07df644c
NCT04117958;070437ea
NCT04117958;806da020
NCT04123366;dbbfd823
NCT04123366;43d15f87
NCT04123418;c975d68a
NCT04126200;2c64e9ae
NCT04126200;33eab43b
NCT04126200;27a8b01f
NCT04126200;2715096b
NCT04126200;673cd649
NCT04129502;d4252b8c
NCT04129502;385b9a3c
NCT04129502;33eab43b
NCT04129502;23f799a1
NCT04129502;ed8989ad
NCT04129502;214eb259
NCT04129502;b38a7550
NCT04129502;db1b90e0
NCT04129502;f45fad8d
NCT04129502;5b4be63a
NCT04129502;b4502765
NCT04133636;a55497bb
NCT04134000;d6807773
NCT04140500;c550c902
NCT04140500;622b5a38
NCT04140500;4a6fa0dd
NCT04145349;014c74a5
NCT04145349;40dfd9b5
NCT04145349;4493633d
NCT04145349;806da020
NCT04147234;08c2e197
NCT04147234;00166de9
NCT04147234;f8a1db2b
NCT04154956;7,48E+26
NCT04154956;514a4466
NCT04154956;92196507
NCT04154956;6126dcb2
NCT04154956;c8bb9f11
NCT04154956;69877eaf
NCT04154956;8b5c831f
NCT04154956;72d991a5
NCT04154956;8f877628
NCT04154956;17e04a70
NCT04154956;514a4466
NCT04160546;ebca53fb
NCT04160546;4f6cbc91
NCT04160546;05b81283
NCT04161885;acda8877
NCT04165070;d298c8c9
NCT04165096;b0c7b01c
NCT04172675;e6c9dfdc
NCT04172675;5cd0faf0
NCT04172675;8376d9b5
NCT04182204;890abb32
NCT04182204;4f1fc8a9
NCT04187404;a4e848e0
NCT04188548;c46a9032
NCT04188548;130bd358
NCT04188548;9fa51bc2
NCT04188548;7a871c63
NCT04188548;958b05f3
NCT04188548;b5a06c86
NCT04188548;81f30df9
NCT04188548;36b9beb1
NCT04188548;0a6f4e09
NCT04188548;fd68e1d5
NCT04189614;786aa03b
NCT04189614;232d59e6
NCT04189614;2fa421ab
NCT04191499;05022ca2
NCT04191499;222a994d
NCT04191499;92dbc797
NCT04191499;038dff84
NCT04191499;0cc89ec9
NCT04191499;3756181d
NCT04191499;d76acae1
NCT04191499;5b0803dd
NCT04191499;1d209abd
NCT04191499;806da020
NCT04191499;8376d9b5
NCT04191499;ac332194
NCT04191499;e7f76e74
NCT04191499;711f036d
NCT04191499;898635d8
NCT04211337;5df03eb3
NCT04211337;734eb4fb
NCT04211337;4edb44bd
NCT04211337;6581301d
NCT04211337;ad51853f
NCT04211337;d7253f17
NCT04211337;d25c72da
NCT04211337;5e59b42f
NCT04211337;3e912a4f
NCT04211337;fa6a26b8
NCT04211337;f7e1015b
NCT04211337;a7255b7b
NCT04221945;a73ce420
NCT04221945;aa1033a1
NCT04221945;3a04daad
NCT04222972;1fc656ee
NCT04222972;a9612d10
NCT04222972;c8bb9f11
NCT04222972;999f7d12
NCT04222972;643abfe9
NCT04222972;5fc847f5
NCT04222972;8,79E+85
NCT04222972;38090a8e
NCT04222972;8f250551
NCT04222972;7f4804c3
NCT04222972;97aeda2c
NCT04222972;4edb44bd
NCT04222972;ef72dfdb
NCT04222972;8c80263a
NCT04222972;dc57f9ef
NCT04222972;d9e3509d
NCT04224272;db1b90e0
NCT04224272;3378af33
NCT04224272;ff90eca3
NCT04224272;f67c1c13
NCT04234113;e1574622
NCT04234113;ea2100df
NCT04238819;d64b7302
NCT04241185;7d54d0bc
NCT04241185;415501b0
NCT04241185;da44b86c
NCT04246086;be8539a9
NCT04246086;138bbbd2
NCT04246177;cd909984
NCT04246177;39612ade
NCT04250922;3f013d7d
NCT04250922;0d591594
NCT04250922;5a27c0e5
NCT04250922;f99968aa
NCT04250922;a16e7837
NCT04250922;7bc97667
NCT04253145;7db3f394
NCT04253145;311dbdb7
NCT04253145;07536efc
NCT04253145;f5458f8a
NCT04253145;ed8989ad
NCT04253145;c975d68a
NCT04253145;c64b00d0
NCT04253145;07c57703
NCT04253145;9de9b6b2
NCT04253145;89f09106
NCT04253145;08eb075d
NCT04253561;255d0d07
NCT04253561;ab1a298b
NCT04253561;af8a240e
NCT04253561;85e06987
NCT04253561;feeed2f3
NCT04253561;b0128a3d
NCT04253561;be8539a9
NCT04253561;ff90eca3
NCT04253561;60efba94
NCT04253561;9635d3db
NCT04254107;d4252b8c
NCT04254107;acc14470
NCT04259450;56bc38d1
NCT04259450;23a11ca6
NCT04259450;9596dcb5
NCT04270409;30ad7f74
NCT04270409;e83a7f8b
NCT04270409;57298d6d
NCT04270409;b44f8662
NCT04285567;39e44f74
NCT04294160;65882b3e
NCT04294160;4ba7a6b5
NCT04300244;3f013d7d
NCT04303858;311dbdb7
NCT04303858;145782b2
NCT04303858;e1cf361d
NCT04309981;a1262846
NCT04324840;76bec950
NCT04324840;b62a30ee
NCT04324840;4ef54e17
NCT04324840;65a5dbaf
NCT04324840;a2fdc187
NCT04324840;d5a663fb
NCT04324840;65d53108
NCT04324840;aeb034cc
NCT04324840;9de9b6b2
NCT04358237;dc8ce339
NCT04358237;f7a35888
NCT04358237;194f8ead
NCT04358237;1b45d14d
NCT04358458;9058a100
NCT04358458;2e22effc
NCT04358458;0f6a5ff3
NCT04358458;0616d64d
NCT04378647;05022ca2
NCT04378647;db0afeac
NCT04378647;ebca53fb
NCT04378647;3b7cd5f1
NCT04378647;406393a3
NCT04379596;9,71E+10
NCT04379596;dc8ce339
NCT04379596;5c31aa5b
NCT04379596;2cfa42f7
NCT04380636;701b34fc
NCT04380636;60a68575
NCT04380636;643abfe9
NCT04380636;e6c9dfdc
NCT04389632;8d0a92b9
NCT04389632;734eb4fb
NCT04400474;36b9beb1
NCT04400474;b4e5e233
NCT04400474;ebca53fb
NCT04400474;269c52bb
NCT04400474;1a1091f6
NCT04400474;6f48436f
NCT04400474;792cd886
NCT04400474;6f6c33b9
NCT04400474;d53ee9ad
NCT04400474;2cfa42f7
NCT04400474;4ef54e17
NCT04401020;34d46786
NCT04401020;c8101d54
NCT04418661;52a4292c
NCT04418661;e637e1c9
NCT04421963;5c31aa5b
NCT04421963;ebecda7f
NCT04421963;02e5baa2
NCT04421963;89f09106
NCT04421963;d13c441e
NCT04421963;8b5c831f
NCT04428151;6ff161ac
NCT04428151;7bc97667
NCT04428151;0d591594
NCT04428151;d5a663fb
NCT04428151;1ea8f6e5
NCT04428151;11e8049a
NCT04429087;9de9b6b2
NCT04429087;57298d6d
NCT04429087;5f6b0cdc
NCT04429087;2c1324ac
NCT04434196;890abb32
NCT04434196;f9457103
NCT04434196;999f7d12
NCT04442022;194f8ead
NCT04442022;eaccc94c
NCT04442022;81f4445e
NCT04446117;63f30e2b
NCT04446117;ff90eca3
NCT04446117;7c113942
NCT04446117;d33175aa
NCT04446117;e2305137
NCT04446117;fd7c6e16
NCT04446117;60a68575
NCT04446117;1e58eead
NCT04446117;e1574622
NCT04446117;4ea3e576
NCT04446117;3,21E+06
NCT04446117;33eab43b
NCT04446117;4161d837
NCT04446117;d5c28438
NCT04449874;39612ade
NCT04449874;abe8323e
NCT04449874;434f8ded
NCT04449874;aa1033a1
NCT04449874;6f2dcacb
NCT04449874;54107721
NCT04449874;0d591594
NCT04468607;0d91de58
NCT04468607;81fee6f1
NCT04468607;0ca41679
NCT04468984;dc60f355
NCT04468984;b0c7b01c
NCT04468984;e5e9cac5
NCT04468984;8598924d
NCT04483505;e1574622
NCT04483505;067a45a1
NCT04483505;7814c45e
NCT04483505;5a27c0e5
NCT04484038;36dec096
NCT04484623;7e139329
NCT04484623;30a3c5c6
NCT04484623;04a2e087
NCT04484623;145782b2
NCT04485260;fcac0760
NCT04485260;1102b5e5
NCT04493853;6566add5
NCT04493853;cbccb1cc
NCT04493853;e62180ff
NCT04493853;cfc8c788
NCT04493853;e102ffe8
NCT04493853;868d5c79
NCT04493853;c1328d64
NCT04493853;7a367d9c
NCT04493853;0c6ae44e
NCT04493853;ec57f544
NCT04494425;ebca53fb
NCT04494425;d5c28438
NCT04494425;4980c7c7
NCT04494425;4b60e6aa
NCT04494425;088ded43
NCT04494425;75d9fbd4
NCT04494425;72c64c51
NCT04494425;63949518
NCT04495621;a7099531
NCT04495621;c7ad8937
NCT04495621;5cd0faf0
NCT04495621;384dc925
NCT04495621;1b2ce633
NCT04497844;898635d8
NCT04497844;9c2b76e1
NCT04497844;e6c9dfdc
NCT04497844;e102ffe8
NCT04497844;7353e0af
NCT04497844;fa5aacc4
NCT04500587;b3c24f92
NCT04504825;72d991a5
NCT04504825;d5c28438
NCT04512235;a73ce420
NCT04512235;ac47e734
NCT04513925;a7255b7b
NCT04513925;8d96c04e
NCT04513925;0d6ca1b6
NCT04513925;bbd305d2
NCT04513925;e5ba8bf4
NCT04513925;bf3cf164
NCT04513925;0d6ca1b6
NCT04513925;f9457103
NCT04513925;be79e106
NCT04513925;fff913b7
NCT04513925;96031a3b
NCT04513925;657ebdf7
NCT04522323;e1574622
NCT04522323;97aeda2c
NCT04522323;1c0e92f4
NCT04522323;0c8d810d
NCT04522323;3576f4e4
NCT04522323;01520f2c
NCT04522323;1ea8f6e5
NCT04522323;6566add5
NCT04522323;7a4bd446
NCT04522323;4b27d497
NCT04522323;ec9e0293
NCT04524689;4980c7c7
NCT04524689;a0d6ebe1
NCT04524689;81218a00
NCT04524689;529eea97
NCT04525638;a9612d10
NCT04525638;ad1f9faf
NCT04525638;5f6b0cdc
NCT04525638;08eb075d
NCT04525638;b3d800df
NCT04529772;b457a0be
NCT04529772;dc48f024
NCT04529772;c06af0d1
NCT04529772;385b9a3c
NCT04529772;23f66672
NCT04543617;9fa51bc2
NCT04543617;5f52659f
NCT04543617;47c37117
NCT04543617;269c52bb
NCT04543617;c26bf648
NCT04543617;2f22ffa4
NCT04543617;2b15bf07
NCT04543617;ceaf5cc4
NCT04543617;2a030efb
NCT04543617;f16e000e
NCT04543617;5c31aa5b
NCT04543617;5b454c2a
NCT04557059;c8bb9f11
NCT04564417;3c4daa8c
NCT04564417;da44b86c
NCT04578106;145782b2
NCT04580121;194f8ead
NCT04580121;f20b0e6d
NCT04580121;40dfd9b5
NCT04589845;ac317423
NCT04589845;a0d6ebe1
NCT04589845;395fe7c6
NCT04589845;d79b223b
NCT04589845;bce223b0
NCT04589845;4ef54e17
NCT04589845;d33175aa
NCT04590963;25ec0c89
NCT04595994;1fc656ee
NCT04595994;f3c6ab23
NCT04595994;8,79E+85
NCT04595994;0ca41679
NCT04619797;2,83E+178
NCT04619797;9c6c2184
NCT04619797;01520f2c
NCT04619797;a1262846
NCT04619797;d5c28438
NCT04619797;dc60f355
NCT04041050;b3c24f92
NCT04041050;e9c5c305
NCT04041050;fd68e1d5
NCT04208178;08eb075d
NCT04208178;896b79b0
NCT04208178;067a45a1
NCT04208178;bfd0de7c
NCT04208178;3b7cd5f1
NCT04208178;d72d2b62
NCT04208178;5070000
NCT04208178;c8571370
NCT04208178;0616d64d
NCT04494958;dc60f355
NCT04494958;9769aaec
NCT04494958;3b431668
NCT04494958;56bc38d1
NCT04550260;88a88aa3
NCT04550260;f5bc53ec
NCT04550260;9fa51bc2
NCT04550260;2a8cd2c3
NCT04550260;967336d3
NCT04550260;5996176c
NCT04550260;bf3cf164
NCT04550260;6412fec4
NCT04564027;1f59b99b
NCT04564027;0ca41679
NCT04564027;d8ca01fe
NCT04624204;bd7ccc4d
NCT04624204;57518140
NCT04624204;8d0a92b9
NCT04624204;f16e000e
NCT04624204;213a2a01
NCT04624204;14299d2c
NCT03256981;1c0e92f4
NCT03256981;2f22ffa4
NCT04127110;57298d6d
NCT04127110;5b4be63a
NCT04127110;6b0405cb
NCT04127110;6b3c8190
NCT04127110;d0b9b1f1
NCT04127110;b007895f
NCT04127110;1ea8f6e5
NCT04127110;3756181d
NCT04127110;e7f76e74
NCT04362072;d9e3509d
NCT04362072;6c4433b1
NCT04362072;36b9beb1
NCT04362072;67265193
NCT04362072;130bd358
NCT04362072;f7e1015b
NCT04362072;817737a5
NCT04362072;3333578d
NCT04362072;6c4513fa
NCT04032847;7167cf0c
NCT04261439;48c32165
NCT04261439;ceaf5cc4
NCT04351555;fa3a8498
NCT04351555;642567cc
NCT04351555;2ae1848d
NCT04351555;d0c14027
NCT04351555;5f342291
NCT04610528;212819cb
NCT04610528;255d0d07
NCT04610528;05b81283
NCT04610528;fcac0760
NCT04610528;e4ec5fcf
NCT04622319;958b05f3
NCT04622319;1475e788
NCT04622319;d7253f17
NCT04622319;7cdbdb9b
NCT04622319;7e139329
NCT04622319;e5ba8bf4
NCT04622319;d298c8c9
NCT04622319;ea2100df
NCT04622319;8249c8ef
NCT04622319;fa7eb42b
NCT04622319;1aab413b
NCT04622319;e62180ff
NCT04622319;83c6f8b8
NCT04622319;b5a06c86
NCT04622319;601ca0f8
NCT04622319;2c64e9ae
NCT04622319;643abfe9
NCT04622319;514a4466
NCT04622319;6566add5
NCT04622319;812e3eaa
NCT04622319;ad6b5e7c
NCT04622319;4683157f
NCT04622319;d0cecb94
NCT04622319;b3264797
NCT04622319;a2fdc187
NCT04622319;b3c24f92
NCT04622319;246c6318
NCT04622319;cdb7d342
NCT04622319;f7e1015b
NCT04622319;f7189efe
NCT04622319;e939cbe0
NCT04622319;b457a0be
NCT04622319;02ff669a
NCT04622319;f7b7dd51
NCT04622319;c64b00d0
NCT04626479;3381704a
NCT04626479;3220a66f
NCT04687761;8cbaa008
NCT04165083;0db595ab
NCT04465487;4ef54e17
NCT04465487;ed313f1e
NCT04465487;00d40fd9
NCT04465487;08c60077
NCT04465487;3,21E+06
NCT04546009;35ce31a9
NCT04546009;29b6927a
NCT04546009;6f48436f
NCT04546009;945069b3
NCT04546009;dcfbcf3f
NCT04546009;b4502765
NCT04546009;bb8120d5
NCT04546009;04a2e087
NCT04546009;e43561c9
NCT04546009;dfef8fbd
NCT04546009;abe8323e
NCT04546009;72d991a5
NCT04546009;ac332194
NCT04546009;c0b9ec69
NCT04564157;dcbd7804
NCT04564157;50921430
NCT04564157;c65d1fe6
NCT04564157;8c361c2b
NCT04564157;130bd358
NCT04564157;3c4daa8c
NCT04564157;87ec4e6b
NCT04564157;24e9c06a
NCT04564157;3b431668
NCT04564157;74348948
NCT04564157;0f2696e8
NCT04564157;4251af0a
NCT04512430;fa7eb42b
NCT04512430;1ea8f6e5
NCT04512430;a16e7837
NCT04512430;87f00a7d
NCT04512430;4493633d
NCT04512430;39e44f74
NCT04512430;f156d1ac
NCT04512430;fe4d9781
NCT04512430;088ded43
NCT04512430;b3c24f92
NCT04512430;e6995819
NCT04512430;4c892463
NCT04512430;37c5c0e0
NCT04512430;f85bac6a
NCT04512430;791683bd
NCT04512430;8c47971c
NCT03377361;a24ff1bc
NCT03377361;72c64c51
NCT03377361;1f59b99b
NCT03377361;5996176c
NCT03377361;5585f0ae
NCT03377361;6da16a80
NCT03377361;4b057f58
NCT04184050;b007895f
NCT04184050;17e04a70
NCT04184050;f5bc53ec
NCT04538742;916ce9d3
NCT04538742;4683157f
NCT04538742;a0594cf5
NCT04538742;cbc5d3c9
NCT04538742;a24ff1bc
NCT04586426;54107721
NCT04586426;999f7d12
NCT04603001;e1574622
NCT04607421;6b72295e
NCT04607421;d4a1f4e8
NCT04607421;34dd0232
NCT04607421;596b7532
NCT04607421;311dbdb7
NCT04607421;9058a100
NCT04607421;d298c8c9
NCT04607421;f9fffacb
NCT04607421;be79e106
NCT04607421;8c5dad82
NCT04607421;ff9661b6
NCT04607421;46538524
NCT04626518;a16e7837
NCT04626518;4b1d009f
NCT04628494;3220a66f
NCT04628494;3756181d
NCT04628494;9a5b41c0
NCT04628494;cc9b511d
NCT04628494;8b76dd05
NCT04640623;ec9e0293
NCT04711252;94df9d63
NCT04711252;49a4d600
NCT04711252;eb7ceb9b
NCT04711252;1,01E+09
NCT04711252;9635d3db
NCT04711252;00d40fd9
NCT04711252;a0b5398c
NCT04711252;2f22ffa4
NCT04711252;7aa25d06
NCT04711252;be8539a9
NCT04725474;6b0405cb
NCT04725474;23a11ca6
NCT04725474;9596dcb5
NCT04725474;feeed2f3
NCT04740424;97fd4c03
NCT04740424;e08dd841
NCT04740424;91b2055b
NCT04740424;4e1aeb0c
NCT04740424;925b800e
NCT04487756;4624b562
NCT04487756;e6995819
NCT04487756;d06b2bf9
NCT04613596;f9457103
NCT04613596;9f9b9ca9
NCT04613596;1,01E+09
NCT04613596;6566add5
NCT04613596;e8d3345e
NCT04613596;00166de9
NCT04613596;50921430
NCT04613596;d470053d
NCT04613596;fc5bf8a1
NCT04613596;890abb32
NCT04613596;bf3cf164
NCT04613596;92196507
NCT04613596;8f877628
NCT04613596;29b6927a
NCT04613596;cfc8c788
NCT03400332;642567cc
NCT03400332;9a8a0cc5
NCT03400332;3378af33
NCT03400332;a0b5398c
NCT03400332;999f7d12
NCT03400332;3381704a
NCT03678883;6442ea27
NCT03678883;a5a61bae
NCT03692065;60708dde
NCT04237649;c0c9ea0f
NCT04240704;0d0aa84f
NCT04384484;56a85634
NCT04384484;9998be1c
NCT04384484;bd49eaeb
NCT04384484;4ea3e576
NCT04390763;5c31aa5b
NCT04390763;65d53108
NCT04390763;c9f1cf47
NCT04408638;a7255b7b
NCT04408638;f7189efe
NCT04472429;02e5baa2
NCT04472429;514a4466
NCT04472429;e62180ff
NCT04472429;2e22effc
NCT04472429;e805bf05
NCT04472429;a0d6ebe1
NCT04486378;6142e1d6
NCT04486378;2ae1848d
NCT04486378;337a187e
NCT04486378;3a04daad
NCT04486378;60a68575
NCT04486378;1,01E+09
NCT04486378;dc60f355
NCT04486378;ebecda7f
NCT04486378;ec87043b
NCT04486378;622b5a38
NCT04486378;0915a01c
NCT04486378;5c31aa5b
NCT04486378;a5a61bae
NCT04486378;a0594cf5
NCT04486378;2996fcf3
NCT04486378;feeed2f3
NCT04526691;3d11e406
NCT04526691;58ad997a
NCT04526691;e62180ff
NCT04526691;34707c1c
NCT04526691;4f441db3
NCT04551053;cf2be4f6
NCT04551053;7db3f394
NCT04551053;395fe7c6
NCT04551053;d64b7302
NCT04551053;395fe7c6
NCT04551066;db38d73e
NCT04551066;2c1324ac
NCT04551066;ceaf5cc4
NCT04551066;81e3cc2a
NCT04551066;ef212813
NCT04630756;0cfffe01
NCT04644068;81f4445e
NCT04644068;ac317423
NCT04644068;0f2696e8
NCT04660344;3f0adfbc
NCT04660344;90ddf73c
NCT04660344;fd7c6e16
NCT04660344;1c0e92f4
NCT04660344;ebca53fb
NCT04660344;e57c3243
NCT04660344;72c64c51
NCT04660344;d72d2b62
NCT04660344;e3ed6ec2
NCT04660344;4e949b55
NCT04702880;46538524
NCT04702880;3576f4e4
NCT04702880;94750d08
NCT04717414;3b7cd5f1
NCT04717414;6b3c8190
NCT04721015;bd7ccc4d
NCT04721015;502b5751
NCT04721015;d53ee9ad
NCT04721015;c8bb9f11
NCT04721015;3756181d
NCT04736199;5585f0ae
NCT04736199;c8101d54
NCT04740918;b2463ab2
NCT04740918;42ec3f59
NCT04740918;93d316e8
NCT04740918;130bd358
NCT04740918;473e358f
NCT04759248;451b4762
NCT04759248;701b34fc
NCT04759248;e951ad2c
NCT04759248;3b431668
NCT04759248;b312ddca
NCT04759248;acc14470
NCT04759248;254dedca
NCT04759248;cc18dc2c
NCT04759248;da562081
NCT04759248;f85bac6a
NCT04759248;7bd2cdbd
NCT04759248;7,48E+26
NCT04759248;f20b0e6d
NCT04759248;aa8550de
NCT04790903;300b6042
NCT04790903;0b8d0981
NCT04790903;c7ad8937
NCT04802759;77ad3f7a
NCT04802759;27a8b01f
NCT04802759;ed8989ad
NCT04802759;aecb0036
NCT04824794;e6995819
NCT04826003;e5e750d3
NCT04826003;fa6a26b8
NCT04826003;5fc847f5
NCT04826003;f8a1db2b
NCT04826003;3c6cecd5
NCT04826003;d64b7302
NCT04826003;6412fec4
NCT04832854;4683157f
NCT04832854;efc3101d
NCT04832854;1a37096c
NCT04655976;51d7f96c
NCT04655976;ac317423
NCT04655976;27a8b01f
NCT04655976;c550c902
NCT04655976;6cdceeae
NCT04655976;9ca6f08f
NCT04623775;6f6c33b9
NCT04623775;30a3c5c6
NCT04623775;34d46786
NCT04623775;0c91ec66
NCT04623775;bd7ccc4d
NCT04623775;e50751f1
NCT03861793;0fa243c2
NCT04042701;5fca91e3
NCT04042701;f156d1ac
NCT04042701;df860cf2
NCT04685135;fd8b4a42
NCT04685135;56c0769f
NCT04685135;8564d61b
NCT04685135;6442ea27
NCT04685135;cad1f698
NCT04685135;622b5a38
NCT04685135;3c6cecd5
NCT04685135;ea2100df
NCT04685135;0cfffe01
NCT04685135;cf8e7bfa
NCT04685135;0ffea59e
NCT04685135;cd909984
NCT04685135;1e42835c
NCT04685135;3e21c175
NCT04685135;ec38c1d2
NCT04685135;0ffea59e
NCT04685135;868d5c79
NCT04685135;5f2da6d6
NCT04685135;5b454c2a
NCT04685135;50921430
NCT04685135;e939cbe0
NCT04685135;5f52659f
NCT04685135;583b971f
NCT04746924;9fa51bc2
NCT04746924;a471a342
NCT04746924;24e9c06a
NCT04746924;05b81283
NCT04746924;2f468dc2
NCT04746924;502b5751
NCT04746924;e3504906
NCT04746924;4980c7c7
NCT04746924;fd09a711
NCT04746924;a7c8be5f
NCT04746924;5c31aa5b
NCT04746924;3220a66f
NCT04746924;b0c7b01c
NCT04746924;4b60e6aa
NCT04746924;898635d8
NCT04746924;76bec950
NCT04746924;7c113942
NCT04746924;96b46ae3
NCT04802876;c36bf3eb
NCT04802876;afd91a07
NCT04802876;b20e1260
NCT04802876;088ded43
NCT04710628;56bc38d1
NCT04710628;fe5ecf11
NCT04710628;b27583b2
NCT04710628;8aae9e43
NCT04710628;7f3aaf8a
NCT03334617;5f52659f
NCT03334617;2a509a8d
NCT03334617;8ced6b02
NCT03334617;b992bdda
NCT03891953;8cbaa008
NCT03918278;a0594cf5
NCT04083599;1c8b2855
NCT04083599;45b07f9d
NCT04083599;ac10bc7e
NCT04083599;6b0405cb
NCT04083599;0ca41679
NCT04083599;f783e93a
NCT04083599;97fd4c03
NCT04243499;fcac0760
NCT04243499;4b60e6aa
NCT04404283;5b4be63a
NCT04404283;898635d8
NCT04404283;792cd886
NCT04404283;d6d215ff
NCT04404283;9fbbd5f0
NCT04404283;dc8ce339
NCT04431258;34707c1c
NCT04431258;7353e0af
NCT04431258;395fe7c6
NCT04431258;13244f13
NCT04431258;b7e78588
NCT04431258;3378af33
NCT04431258;7bd2cdbd
NCT04455620;abe8323e
NCT04455620;b963ade6
NCT04498117;b3b0f678
NCT04498117;4b27d497
NCT04498117;4683157f
NCT04498117;43d15f87
NCT04498117;db1b90e0
NCT04498117;3c6cecd5
NCT04498117;cd909984
NCT04498117;67265193
NCT04498117;b07b3fb8
NCT04521686;d76acae1
NCT04521686;5e59b42f
NCT04526899;362247af
NCT04526899;130bd358
NCT04526899;6d6046e1
NCT04526899;311dbdb7
NCT04526899;b2ec2e3c
NCT04526899;f995360e
NCT04526899;6d6684fd
NCT04526899;925b800e
NCT04526899;7e139329
NCT04526899;0c91ec66
NCT04554914;cbc5d3c9
NCT04561362;ea4e499f
NCT04561362;87f00a7d
NCT04561362;a73ce420
NCT04567615;5ddbae43
NCT04567615;ea2100df
NCT04567615;17fbb7f8
NCT04576156;6be0950f
NCT04586231;29e4de37
NCT04586231;4fba55f6
NCT04586231;2c64e9ae
NCT04586231;98785999
NCT04586231;6f765624
NCT04601857;6b0405cb
NCT04601857;4ff8a319
NCT04601857;6f48436f
NCT04601857;82612a7e
NCT04601857;8b5c831f
NCT04601857;a5a61bae
NCT04601857;35ce31a9
NCT04603183;67265193
NCT04603183;c64b00d0
NCT04603183;0303f28f
NCT04603183;958b05f3
NCT04603183;5e59b42f
NCT04603183;ea2100df
NCT04603183;7353e0af
NCT04603183;f314817a
NCT04603183;c9f1cf47
NCT04603183;4493633d
NCT04603183;1cce4f3a
NCT04603183;e637e1c9
NCT04603183;568e534d
NCT04603183;61290c6c
NCT04623216;0f2696e8
NCT04629443;97aeda2c
NCT04647487;09aa2c72
NCT04647487;75b21c32
NCT04660812;5b0803dd
NCT04660812;69877eaf
NCT04660812;8c80263a
NCT04660812;bd7ccc4d
NCT04660812;a7c8be5f
NCT04660812;39e44f74
NCT04660812;d4252b8c
NCT04662255;d6807773
NCT04662255;d073b74c
NCT04662255;255d0d07
NCT04662255;e14d7e39
NCT04662255;dbbfd823
NCT04662255;e951ad2c
NCT04663347;0d0aa84f
NCT04663347;48c32165
NCT04663347;aa1033a1
NCT04669067;55ff5670
NCT04669067;bd4ed6f6
NCT04699188;a0d6ebe1
NCT04699188;69877eaf
NCT04700124;b4e6fc50
NCT04700124;47c37117
NCT04700124;81218a00
NCT04700124;5a27c0e5
NCT04700124;cad1f698
NCT04700124;39e44f74
NCT04700124;6cdceeae
NCT04700124;9a88825d
NCT04700124;f7189efe
NCT04720157;e43561c9
NCT04720157;69481414
NCT04720157;1c54b93b
NCT04720157;219bd912
NCT04720157;17fbb7f8
NCT04720157;070437ea
NCT04720157;9a88825d
NCT04728893;e951ad2c
NCT04728893;246c6318
NCT04739761;62f4d39d
NCT04739761;6ff161ac
NCT04739761;b44f8662
NCT04739761;c26bf648
NCT04739761;7,48E+26
NCT04739761;21277108
NCT04739761;d4252b8c
NCT04739761;3c5efef0
NCT04739761;2a36cb24
NCT04742101;aa8550de
NCT04742101;a6a2623b
NCT04770896;6566add5
NCT04770896;d7eb4d6b
NCT04770896;ac5fcb60
NCT04770896;60a68575
NCT04770896;d0cecb94
NCT04770896;d53ee9ad
NCT04778579;5f342291
NCT04778579;a6a2623b
NCT04778579;3378af33
NCT04778579;57518140
NCT04784715;e05d7fdb
NCT04784715;673cd649
NCT04784715;0f6a5ff3
NCT04784715;0a6ef5f1
NCT04784715;4493633d
NCT04785820;255d0d07
NCT04785820;7f84763a
NCT04785820;56bc38d1
NCT04785820;1a37096c
NCT04807972;038dff84
NCT04807972;11e8049a
NCT04807972;62f4d39d
NCT04810611;da594032
NCT04811560;48c32165
NCT04811560;d467b576
NCT04811560;f9457103
NCT04824092;8f5a6389
NCT04824092;46253146
NCT04824092;7be0aaf1
NCT04824092;529eea97
NCT04824092;f5458f8a
NCT04824092;0c6ae44e
NCT04824092;a16e7837
NCT04824092;06fbe734
NCT04833114;db9438cf
NCT04833114;8f5a6389
NCT04833114;ce9c5a63
NCT04833114;60a68575
NCT04835584;d76acae1
NCT04835584;81e3cc2a
NCT04835584;d470053d
NCT04855929;154b8c6d
NCT04855929;04a2e087
NCT04857138;311dbdb7
NCT04857138;27a8b01f
NCT04857138;a8dff199
NCT04857138;070437ea
NCT04873362;28b85387
NCT04873362;fc5bf8a1
NCT04873362;2f8ebdfe
NCT04873362;4980c7c7
NCT04873362;ea4e499f
NCT04873362;fe4d9781
NCT04873362;e1cf361d
NCT04873362;0d91de58
NCT04873362;6581301d
NCT04873362;3c5efef0
NCT04873362;b457a0be
NCT04873362;cd909984
NCT04873362;3333578d
NCT04873362;f156d1ac
NCT04873362;ec41ad21
NCT04873362;038dff84
NCT04873362;1fc656ee
NCT04873362;578db9da
NCT04873362;94fb08e9
NCT04819100;aa8550de
NCT04819100;e05d7fdb
NCT04819100;5b0803dd
NCT04819100;df39045d
NCT04819100;f9457103
NCT04819100;82612a7e
NCT04819100;5f52659f
NCT04819100;c8bb9f11
NCT04819100;8376d9b5
NCT04819100;f9457103
NCT04819100;f314817a
NCT04819100;fd68e1d5
NCT04819100;e14d7e39
NCT04819100;95b53331
NCT04819100;8ab4f71c
NCT04772235;9058a100
NCT04772235;c9f1cf47
NCT04772235;601ca0f8
NCT04772235;5abd0031
NCT04603807;bd7ccc4d
NCT04603807;ea9cf81a
NCT04603807;69ed45ae
NCT04603807;b20e1260
NCT04603807;b3511875
NCT04924101;38168bc1
NCT04924101;9100ff89
NCT04924101;82ddf5d4
NCT04990479;2a36cb24
NCT04990479;52a4292c
NCT04990479;289b9548
NCT04990479;0c91ec66
NCT04765059;8e310d43
NCT04765059;9635d3db
NCT04765059;af8a240e
NCT04765059;43d15f87
NCT04765059;30b7cafc
NCT04870112;f538835f
NCT04870112;e805bf05
NCT04870112;96031a3b
NCT04870112;a7c8be5f
NCT04620330;1b13a4f4
NCT04620330;1b45d14d
NCT02312960;d57d0a12
NCT02312960;57518140
NCT02889874;5f342291
NCT02889874;473e358f
NCT02889874;aeb034cc
NCT02889874;91b2055b
NCT02908906;34707c1c
NCT03319628;7aa25d06
NCT03319628;a4e848e0
NCT03449381;bd7ccc4d
NCT03449381;ff90eca3
NCT03449381;1e58eead
NCT03449381;da44b86c
NCT03520075;d107cdc0
NCT03520075;e83a7f8b
NCT03520075;369368c8
NCT03520075;b44f8662
NCT03520075;cf8e7bfa
NCT03748186;e1574622
NCT03748186;549a4eca
NCT03748186;3b431668
NCT03748186;369368c8
NCT03783403;255d0d07
NCT03783403;b62a30ee
NCT03839771;65882b3e
NCT03839771;ef3533d5
NCT03839771;4e949b55
NCT03839771;3576f4e4
NCT03839771;abe8323e
NCT03839771;33eab43b
NCT03850795;a5a61bae
NCT03850795;868d5c79
NCT03850795;f34236d8
NCT03946670;43d15f87
NCT03994601;384dc925
NCT04067336;9635d3db
NCT04067336;aa1033a1
NCT04104776;601ca0f8
NCT04398524;473e358f
NCT04398524;8f49028a
NCT04398524;7c113942
NCT04398524;e50751f1
NCT04404660;7cdbdb9b
NCT04499339;1821989c
NCT04526106;2996fcf3
NCT04526106;601ca0f8
NCT04526106;47c37117
NCT04526106;9769aaec
NCT04526106;d7eb4d6b
NCT04527991;f156d1ac
NCT04527991;7167cf0c
NCT04534205;92dbc797
NCT04534205;c500c666
NCT04534205;8249c8ef
NCT04534205;d25c72da
NCT04534205;0ca41679
NCT04534205;4a6d2ec4
NCT04534205;5f342291
NCT04534205;701b34fc
NCT04534205;6c4513fa
NCT04534205;0fa243c2
NCT04534205;37c5c0e0
NCT04569032;e50751f1
NCT04569032;ef3533d5
NCT04569032;c0aaac41
NCT04579679;1e58eead
NCT04579679;733ac4c8
NCT04579679;b99a90fc
NCT04579679;673cd649
NCT04579679;18a33811
NCT04580485;3b431668
NCT04580485;d5c28438
NCT04580485;7a4bd446
NCT04580485;b3264797
NCT04580485;f20b0e6d
NCT04595266;451b4762
NCT04595266;5416769d
NCT04595266;a9612d10
NCT04595266;2715096b
NCT04595266;d134dcb9
NCT04595266;20d3af65
NCT04595266;b0128a3d
NCT04597125;60708dde
NCT04597125;3e912a4f
NCT04597125;1c0e92f4
NCT04597125;c0b9ec69
NCT04597125;d0b9b1f1
NCT04597125;3a04daad
NCT04597125;c9f1cf47
NCT04597125;8a4b9749
NCT04597125;4f816490
NCT04597125;9d4b6031
NCT04597125;ec38c1d2
NCT04603495;4161d837
NCT04603495;77808a26
NCT04665921;1fc656ee
NCT04666038;733ac4c8
NCT04666038;d5653f49
NCT04666038;a73ce420
NCT04669171;e4b0221a
NCT04669171;611b0b19
NCT04669171;fff913b7
NCT04675294;87ec4e6b
NCT04675294;fd7c6e16
NCT04675294;acda8877
NCT04675294;4161d837
NCT04675294;a16e7837
NCT04675333;a159daa2
NCT04675333;4047950a
NCT04675333;e3ed6ec2
NCT04675333;da562081
NCT04675333;a4e848e0
NCT04675333;583b971f
NCT04680052;d1cb6010
NCT04680052;6482e42e
NCT04680052;69877eaf
NCT04680052;54f0b6d5
NCT04680052;87bcb322
NCT04680052;8c80263a
NCT04680052;7bc97667
NCT04680052;abce87a5
NCT04680052;bd7ccc4d
NCT04680052;d6807773
NCT04697628;11e8049a
NCT04697628;0fa243c2
NCT04697628;1a84ddf7
NCT04697628;c36bf3eb
NCT04697628;c500c666
NCT04697628;7d54d0bc
NCT04697628;ef72dfdb
NCT04697628;82612a7e
NCT04733118;35210d01
NCT04733118;070437ea
NCT04733118;8376d9b5
NCT04733118;a7099531
NCT04733118;f7ebfdaf
NCT04733118;5740a294
NCT04733118;502b5751
NCT04733118;f156d1ac
NCT04733118;c36bf3eb
NCT04733118;596b7532
NCT04733118;f3c6ab23
NCT04733118;cc18dc2c
NCT04733118;da670bc0
NCT04733118;02ff669a
NCT04733118;e637e1c9
NCT04733118;65a5dbaf
NCT04733118;9dc827d6
NCT04733118;52260c64
NCT04736706;47c37117
NCT04736706;82785275
NCT04736706;0616d64d
NCT04736706;db0afeac
NCT04736706;2962024e
NCT04736706;0f6a5ff3
NCT04745832;5ce954e5
NCT04745832;ef72dfdb
NCT04745832;4f6cbc91
NCT04759846;9f25f583
NCT04759846;222a994d
NCT04797780;11e8049a
NCT04797780;5e90746e
NCT04797780;4e1aeb0c
NCT04797780;83c6f8b8
NCT04817007;2b15bf07
NCT04817007;17e04a70
NCT04821622;82bfc550
NCT04821622;0f2696e8
NCT04821622;9769aaec
NCT04821622;7be0aaf1
NCT04821622;98364377
NCT04821622;c06af0d1
NCT04821622;753c8227
NCT04821622;d0b9b1f1
NCT04821622;c1328d64
NCT04821622;7814c45e
NCT04821622;c0b9ec69
NCT04821622;fd09a711
NCT04821622;f5bc53ec
NCT04821622;bcb2a6aa
NCT04827953;83c6f8b8
NCT04827953;23f66672
NCT04827953;583b971f
NCT04857372;5b454c2a
NCT04860466;4e1aeb0c
NCT04860466;0fa243c2
NCT04860466;c01adebb
NCT04866654;b3d800df
NCT04866654;3d11e406
NCT04866654;bf3cf164
NCT04866654;aa8550de
NCT04869943;9ac9baa2
NCT04869943;18a33811
NCT04869943;82ddf5d4
NCT04884035;8d96c04e
NCT04884035;8ab4f71c
NCT04895358;07bac343
NCT04895358;6ff161ac
NCT04895358;87ec4e6b
NCT04895709;07bac343
NCT04895709;f20b0e6d
NCT04895709;4b057f58
NCT04895709;61290c6c
NCT04895709;c64b00d0
NCT04895722;36b9beb1
NCT04895722;b5a06c86
NCT04895722;fff913b7
NCT04895722;f538835f
NCT04895722;be79e106
NCT04898634;07df644c
NCT04898634;34707c1c
NCT04898634;4980c7c7
NCT04903197;29e4de37
NCT04908956;f5bc53ec
NCT04908956;56c0769f
NCT04913220;8d96c04e
NCT04913220;d6807773
NCT04913220;cd909984
NCT04913220;bce223b0
NCT04915755;945069b3
NCT04915755;e14d7e39
NCT04915755;e102ffe8
NCT04915755;e6995819
NCT04915755;b797a431
NCT04915755;abce87a5
NCT04915755;d64b7302
NCT04915755;08c60077
NCT04915755;a6216e90
NCT04915755;46253146
NCT04915755;4251af0a
NCT04915755;2ae1848d
NCT04915755;1475e788
NCT04915755;07df644c
NCT04919512;4683157f
NCT04919512;c1328d64
NCT04923893;f7189efe
NCT04923893;0ca41679
NCT04923893;232d59e6
NCT04923893;4b057f58
NCT04923893;6f6c33b9
NCT04923893;284feb79
NCT04923893;6fcaaf8c
NCT04924075;07536efc
NCT04924075;48c32165
NCT04924075;255d0d07
NCT04924608;60708dde
NCT04929223;e8876121
NCT04929223;7622794d
NCT04931342;df860cf2
NCT04931342;300b6042
NCT04931342;77ad3f7a
NCT04931342;e7b4b769
NCT04931654;5f52659f
NCT04931654;8c80263a
NCT04931654;69712193
NCT04938817;cc9b511d
NCT04938817;54107721
NCT04949256;2b15bf07
NCT04949256;db38d73e
NCT04949256;ad59d38a
NCT04949256;abce87a5
NCT04949256;04a2e087
NCT04949425;9a8a0cc5
NCT04949425;f5458f8a
NCT04951778;3381704a
NCT04951778;7aa25d06
NCT04956692;549a4eca
NCT04956692;c7ad8937
NCT04956692;c587566f
NCT04956692;362247af
NCT04958239;230e274b
NCT04958239;a1262846
NCT04958239;b3d800df
NCT04960709;4aa43d0a
NCT04960709;12abb9e7
NCT04960709;8c5dad82
NCT04960709;c81a5ec0
NCT04960709;1b2ce633
NCT04960709;3220a66f
NCT04960709;1aab413b
NCT04960709;f9fffacb
NCT04960709;60bccda4
NCT04960709;ebc50757
NCT04961996;6fcaaf8c
NCT04961996;77ad3f7a
NCT04961996;8249c8ef
NCT04961996;74348948
NCT04961996;089d41ad
NCT04961996;ef212813
NCT04961996;0d91de58
NCT04961996;395fe7c6
NCT04961996;6b72295e
NCT04961996;4a6fa0dd
NCT04961996;c9f1cf47
NCT04961996;5416769d
NCT04961996;5fc847f5
NCT04961996;9998be1c
NCT04961996;8ab4f71c
NCT04961996;b99a90fc
NCT04961996;dc57f9ef
NCT04961996;f5458f8a
NCT04961996;254dedca
NCT04961996;69877eaf
NCT04961996;df82ff55
NCT04961996;05022ca2
NCT04961996;82bfc550
NCT04961996;98785999
NCT04961996;4ef54e17
NCT04961996;d9e3509d
NCT04961996;4f1fc8a9
NCT04961996;4f441db3
NCT04961996;1cba5473
NCT04961996;fef0b169
NCT04961996;a55497bb
NCT04961996;a0594cf5
NCT04961996;db1b90e0
NCT04961996;8249c8ef
NCT04961996;36b78517
NCT04961996;e6995819
NCT04961996;d76acae1
NCT04961996;7,48E+26
NCT04961996;5b0803dd
NCT04961996;2a8f215e
NCT04961996;df39045d
NCT04964934;4a6fa0dd
NCT04964934;d72d2b62
NCT04964934;7ded2961
NCT04964934;a1262846
NCT04964934;69481414
NCT04964934;b07b3fb8
NCT04964934;6b3c8190
NCT04971226;d467b576
NCT04971226;46253146
NCT04975308;5e528ef3
NCT04975308;82612a7e
NCT04975308;2a509a8d
NCT04975308;69877eaf
NCT04975308;3f013d7d
NCT04975308;374c15b9
NCT04975308;269c52bb
NCT04975308;5a2a3c36
NCT04975308;a4d62f85
NCT04975399;8aae9e43
NCT04975399;8664fbe3
NCT04975399;e7f76e74
NCT04976634;c06af0d1
NCT04976634;5e90746e
NCT04980222;05b81283
NCT04988295;e50751f1
NCT04988295;9,56E+12
NCT04988295;be8539a9
NCT04988295;0303f28f
NCT04988295;1e4aa925
NCT04988295;c81a5ec0
NCT04988295;dc71ace5
NCT04988295;9d113d42
NCT04988295;487bd472
NCT04988295;8e310d43
NCT04988295;194f8ead
NCT04988295;dd8ce86e
NCT04988295;0db595ab
NCT04988295;9635d3db
NCT04988295;dfa51b65
NCT04988295;615fa579
NCT04988295;30083f3d
NCT04991740;289b9548
NCT04991740;d7eb4d6b
NCT04995523;529eea97
NCT04995523;ff975ef8
NCT04995523;b3511875
NCT04995523;6d6046e1
NCT05005429;868d5c79
NCT05005429;ef3533d5
NCT05005429;3220a66f
NCT05005429;14299d2c
NCT05005429;92d97172
NCT05005429;7bc97667
NCT05005429;7a871c63
NCT05005429;f7e1015b
NCT05005429;52260c64
NCT05005429;71b3386f
NCT05005429;f45fad8d
NCT05005429;e43561c9
NCT05007106;2a36cb24
NCT05007106;9058a100
NCT05007106;a0d6ebe1
NCT05012254;ed8989ad
NCT05012254;f538835f
NCT05012254;2c64e9ae
NCT05012254;ebc50757
NCT05012254;5ce954e5
NCT05012254;41c7f0a5
NCT05012254;0c6ae44e
NCT05012254;0f8d3b42
NCT05012254;ce9c5a63
NCT05012254;6da16a80
NCT05012254;872237dd
NCT05012254;60708dde
NCT05012254;014c74a5
NCT05012254;a4d9eb86
NCT05012254;2f69ec81
NCT05013554;ede16f15
NCT05013554;14299d2c
NCT05013554;8664fbe3
NCT05020236;46538524
NCT05020236;d5a663fb
NCT05020236;0a905273
NCT05020236;29b6927a
NCT05020236;a6a2623b
NCT05020236;c0b9ec69
NCT05028348;7c113942
NCT05028348;7353e0af
NCT05028348;57518140
NCT05028348;9a88825d
NCT05028348;5ce954e5
NCT05043090;6f2dcacb
NCT05043090;755ebf4e
NCT05043090;b457a0be
NCT05043090;5c31aa5b
NCT05043090;e5ba8bf4
NCT05043090;f16e000e
NCT05043090;77ad3f7a
NCT05043090;1a84ddf7
NCT05043090;3e21c175
NCT05043090;e637e1c9
NCT05043090;222a994d
NCT05043090;ad59d38a
NCT05043090;61290c6c
NCT05043090;d0b9b1f1
NCT05047276;34d46786
NCT05048797;cbc5d3c9
NCT05048797;4683157f
NCT05048797;6b72295e
NCT05048797;1e58eead
NCT05050942;1c54b93b
NCT05050942;5c31aa5b
NCT05050942;a81312c7
NCT05050942;ea1edafb
NCT05050942;81f4445e
NCT05050942;17e04a70
NCT05050942;ec41ad21
NCT05050942;fcac0760
NCT05050942;3f013d7d
NCT05052099;dfa51b65
NCT05052099;29b6927a
NCT05059262;fe5ecf11
NCT05059262;21830a53
NCT05059262;6ff161ac
NCT05060627;385b9a3c
NCT05060627;2fa421ab
NCT05060627;5e528ef3
NCT05060627;30b7cafc
NCT05060627;f5458f8a
NCT05063786;999f7d12
NCT05063786;bd7ccc4d
NCT05063786;58297c7b
NCT05063786;7f4804c3
NCT05063786;1a1091f6
NCT05063786;1e42835c
NCT05063786;a1262846
NCT05063786;9100ff89
NCT05063786;1a84ddf7
NCT05063786;abe8323e
NCT05063786;7ad39707
NCT05063786;711f036d
NCT05063786;65004739
NCT05063786;acda8877
NCT05063786;db9438cf
NCT05063786;ba61f11d
NCT05063786;0c8d810d
NCT05063786;070437ea
NCT05063786;ff9661b6
NCT05063786;070437ea
NCT05063786;3220a66f
NCT05063786;74348948
NCT05063786;cf2be4f6
NCT05063786;3576f4e4
NCT05063786;b07b3fb8
NCT05063786;d0c14027
NCT05063786;cc18dc2c
NCT05063786;e83a7f8b
NCT05063786;9769aaec
NCT05063786;868d5c79
NCT05063786;4f816490
NCT05063786;2996fcf3
NCT05063786;9f25f583
NCT05063786;acda8877
NCT05063786;817737a5
NCT05063786;e102ffe8
NCT05063786;30a3c5c6
NCT05083169;601ca0f8
NCT05083169;b27583b2
NCT05083169;eaccc94c
NCT05083169;4a6d2ec4
NCT05083169;ac8c3edc
NCT05084092;d107cdc0
NCT05091424;dc48f024
NCT05091424;82bfc550
NCT05101265;1ed21dce
NCT05101265;7622794d
NCT05101265;02e5baa2
NCT05101265;6fcaaf8c
NCT05101265;65d53108
NCT05113251;790d40b8
NCT05113251;3b431668
NCT05113251;5fc847f5
NCT05113251;8d96c04e
NCT05113251;8976bc76
NCT05116202;e4ec5fcf
NCT05116202;ea1edafb
NCT05116202;ce9c5a63
NCT05116202;3e912a4f
NCT05117242;34dd0232
NCT05117242;3c6cecd5
NCT05117242;dbbfd823
NCT05117242;406393a3
NCT02413736;c8bb9f11
NCT02413736;52a4292c
NCT02413736;374c15b9
NCT02413736;6d071621
NCT02413736;374c15b9
NCT02861573;ace4fb0a
NCT02861573;f0939fb2
NCT02861573;0400ab6a
NCT02861573;3d330944
NCT02861573;395fe7c6
NCT03164616;0a6ef5f1
NCT03164616;e7b4b769
NCT03576417;8249c8ef
NCT03576417;f16e000e
NCT03576417;812e3eaa
NCT03576417;b491e1a5
NCT03576417;d25c72da
NCT03576417;872237dd
NCT03576417;09aa2c72
NCT03576417;4073da7c
NCT03576417;ad59d38a
NCT03576417;909b01c7
NCT03576417;6581301d
NCT03576417;2e22effc
NCT03576417;3,21E+06
NCT03576417;5f342291
NCT03576417;872237dd
NCT03587116;89d63d5e
NCT03767348;17e04a70
NCT03767348;4719055
NCT03767348;16e24412
NCT03767348;ec87043b
NCT03767348;6c4433b1
NCT03767348;8c47971c
NCT03767348;f5458f8a
NCT03787602;786aa03b
NCT03787602;07c57703
NCT03787602;28b85387
NCT03787602;f8a1db2b
NCT03873883;a55497bb
NCT03873883;76bec950
NCT03938792;06fbe734
NCT03986294;502b5751
NCT04053322;db0afeac
NCT04053322;8ab4f71c
NCT04053322;cdb7d342
NCT04053322;657ebdf7
NCT04053322;7d60cff1
NCT04053322;5fca91e3
NCT04053322;806da020
NCT04053322;e4b0221a
NCT04053322;1f7c8ee8
NCT04053322;cbccb1cc
NCT04053322;8b5c831f
NCT04053322;7bc97667
NCT04053673;ec38c1d2
NCT04333108;87f00a7d
NCT04338399;6fcaaf8c
NCT04338399;4611670a
NCT04338399;effbe64e
NCT04338399;2cd07d61
NCT04338399;be8539a9
NCT04338399;7c113942
NCT04338399;44bed6f5
NCT04338399;5f342291
NCT04338399;3f0adfbc
NCT04338399;18df17bb
NCT04338399;7a871c63
NCT04338399;41c7f0a5
NCT04338399;255d0d07
NCT04338399;872237dd
NCT04338399;b3511875
NCT04338399;6d6684fd
NCT04338399;77808a26
NCT04338399;fecf7aca
NCT04338399;868d5c79
NCT04338399;21277108
NCT04338399;ac317423
NCT04432584;c0b9ec69
NCT04432584;85e06987
NCT04459715;6b0405cb
NCT04459715;ea2100df
NCT04459715;3d330944
NCT04459715;07c57703
NCT04459715;f5bc53ec
NCT04459715;94fb08e9
NCT04459715;b5a06c86
NCT04459715;fff913b7
NCT04459715;e6c9dfdc
NCT04459715;b4502765
NCT04459715;0f8d3b42
NCT04459715;8e3edffd
NCT04459715;a7c8be5f
NCT04459715;dc71ace5
NCT04459715;92dbc797
NCT04459715;8c86ad57
NCT04459715;e7b4b769
NCT04459715;6c4513fa
NCT04459715;8a4b9749
NCT04459715;b0128a3d
NCT04608318;df860cf2
NCT04608318;622b5a38
NCT04608318;0f6a5ff3
NCT04624399;a77786f2
NCT04624399;fa6a26b8
NCT04624399;d25c72da
NCT04624399;96031a3b
NCT04624399;0616d64d
NCT04624399;a77786f2
NCT04624399;e0d4287a
NCT04624399;4ea3e576
NCT04625270;fc5bf8a1
NCT04625270;4980c7c7
NCT04625270;b2ec2e3c
NCT04625270;81218a00
NCT04625907;83d33094
NCT04625907;502b5751
NCT04640532;e5ba8bf4
NCT04640532;623dde96
NCT04704934;eaccc94c
NCT04704934;a55497bb
NCT04704934;360e5e29
NCT04704934;57518140
NCT04704934;3c6cecd5
NCT04704934;2f8ebdfe
NCT04704934;9d4b6031
NCT04704934;9ac9baa2
NCT04732494;5effcc72
NCT04732494;ad6b5e7c
NCT04732494;f156d1ac
NCT04732494;db38d73e
NCT04732494;890abb32
NCT04732494;4aa43d0a
NCT04762602;5abd0031
NCT04762602;1df296e7
NCT04793958;cf8e7bfa
NCT04793958;a159daa2
NCT04793958;4a356ef0
NCT04793958;701b34fc
NCT04793958;1a1091f6
NCT04793958;a73ce420
NCT04793958;66426a0d
NCT04793958;47861f77
NCT04793958;c8571370
NCT04793958;755ebf4e
NCT04793958;755ebf4e
NCT04793958;6be0950f
NCT04793958;7167cf0c
NCT04793958;81fee6f1
NCT04793958;e67b0784
NCT04793958;4fba55f6
NCT05076396;369368c8
NCT05076396;cd909984
NCT05076396;7a4bd446
NCT05076396;db1b90e0
NCT05076396;b3d800df
NCT05076396;6f2dcacb
NCT05076396;97fd4c03
NCT05131386;2962024e
NCT05131386;b20e1260
NCT05131386;f8a1db2b
NCT05131386;f5bc53ec
NCT05131386;b3264797
NCT05181462;549a4eca
NCT05181462;e67b0784
NCT05181462;ff9661b6
NCT05181462;afd91a07
NCT05181462;a2fdc187
NCT05181462;3220a66f
NCT05181462;a81312c7
NCT05181462;8ced6b02
NCT05141474;c8d2b0cc
NCT04919226;ed8989ad
NCT04919226;ad6b5e7c
NCT04919226;222a994d
NCT04919226;f1ff9973
NCT04919226;4251af0a
NCT03922204;d1cb6010
NCT03922204;2ae1848d
NCT03922204;60a68575
NCT03922204;fbaff809
NCT04914897;df82ff55
NCT04914897;f156d1ac
NCT04914897;d298c8c9
NCT04914897;f670b350
NCT05018273;5f342291
NCT05018273;ec41ad21
NCT05018273;ebecda7f
NCT05018273;cd909984
NCT03845166;21830a53
NCT03845166;b992bdda
NCT03845166;e6c9dfdc
NCT03845166;51d7f96c
NCT03845166;8ed402bb
NCT03845166;7622794d
NCT03845166;ed313f1e
NCT03845166;7bd2cdbd
NCT03845166;1b45d14d
NCT04729608;c01adebb
NCT04729608;3f013d7d
NCT04729608;08eb075d
NCT04729608;0616d64d
NCT04729608;9ca6f08f
NCT04729608;255d0d07
NCT04729608;fa6a26b8
NCT04729608;514a4466
NCT04729608;12abb9e7
NCT04729608;7353e0af
NCT05129280;623dde96
NCT05129280;d5a663fb
NCT05129280;82785275
NCT04423029;f7b7dd51
NCT04423029;e43561c9
NCT04423029;067a45a1
NCT04423029;6da16a80
NCT04423029;8e8ca599
NCT04999969;bce223b0
NCT04999969;d13c441e
NCT04999969;7f1ba71b
NCT04999969;36b78517
NCT04999969;038dff84
NCT04999969;f04929f1
NCT04999969;dcfbcf3f
NCT04999969;2a509a8d
NCT05180474;5dbb8b1a
NCT05180474;f995360e
NCT05180474;4a356ef0
NCT04868877;07bac343
NCT04868877;bd7ccc4d
NCT04868877;9d113d42
NCT04868877;9d6ca771
NCT04868877;0cfffe01
NCT04657991;e9c5c305
NCT04657991;43d15f87
NCT04657991;23f66672
NCT04657991;f5458f8a
NCT04657991;28b85387
NCT04657991;f0939fb2
NCT04657991;0c91ec66
NCT04657991;e5e750d3
NCT04657991;07c57703
NCT04657991;30083f3d
NCT04657991;e5e750d3
NCT04657991;08c60077
NCT04657991;6ff161ac
NCT04657991;3756181d
NCT04657991;00d5e4dd
NCT05038735;e43561c9
NCT05038735;a7099531
NCT05038735;a4e848e0
NCT05038735;3c5efef0
NCT05038735;1ed21dce
NCT05038735;be8539a9
NCT05038735;36b9beb1
NCT05038735;89f09106
NCT05038735;91dd839b
NCT05132582;2e96cd0f
NCT05132582;549a4eca
NCT05132582;3d330944
NCT05152147;ac10bc7e
NCT05152147;0eb42a71
NCT05152147;78dfd8ec
NCT05152147;3381704a
NCT05152147;5d8ca22d
NCT05152147;4a6d2ec4
NCT05152147;4980c7c7
NCT05152147;38090a8e
NCT05152147;85e06987
NCT05152147;6b0405cb
NCT05152147;d4252b8c
NCT05152147;50921430
NCT05152147;c26bf648
NCT05152147;cdb7d342
NCT05152147;b007895f
NCT05152147;8c361c2b
NCT04935359;82bfc550
NCT04935359;feeed2f3
NCT04935359;e83a7f8b
NCT04935359;8249c8ef
NCT04935359;bfd0de7c
NCT04935359;47861f77
NCT05183984;549a4eca
NCT05183984;dc48f024
NCT04442126;88a88aa3
NCT04442126;23f66672
NCT04442126;5a9b24e5
NCT04442126;d1cb6010
NCT04442126;255d0d07
NCT04442126;aa8550de
NCT04729387;1f7c8ee8
NCT04729387;f538835f
NCT04729387;bce223b0
NCT04729387;e8876121
NCT04729387;ef3533d5
NCT04729387;43d15f87
NCT04729387;75b21c32
NCT04729387;7d60cff1
NCT02651662;89d63d5e
NCT04277637;d06b2bf9
NCT04277637;1c54b93b
NCT04277637;01520f2c
NCT04277637;c1328d64
NCT04277637;db1b90e0
NCT01952223;7a367d9c
NCT05002127;9ad2d88e
NCT05002127;b07b3fb8
NCT05002127;d28a35e8
NCT05002127;ec38c1d2
NCT05002127;ef05b789
NCT04765709;c26bf648
NCT04973163;a2fdc187
NCT04691804;ebecda7f
NCT04691804;a77ed7ec
NCT04691804;c01adebb
NCT04691804;d4a1f4e8
NCT04691804;1c54b93b
NCT04691804;29b6927a
NCT04691804;8ced6b02
NCT04691804;8598924d
NCT04691804;806da020
NCT04691804;2996fcf3
NCT04691804;e1574622
NCT04987203;6f48436f
NCT04987203;8376d9b5
NCT04987203;ec9e0293
NCT04987203;3576f4e4
NCT04987203;e05d7fdb
NCT04987203;ace4fb0a
NCT04987203;7167cf0c
NCT04987203;fff913b7
NCT04987203;898635d8
NCT04987203;8c80263a
NCT04987203;92dbc797
NCT04952753;8ced6b02
NCT04952753;f67c1c13
NCT04952753;8ed402bb
NCT04952753;98f0feec
NCT04952753;84ed3a7b
NCT05159388;9,56E+12
NCT05159388;d4252b8c
NCT05159388;bd7ccc4d
NCT04648202;7c113942
NCT04648202;77ad3f7a
NCT04648202;7814c45e
NCT04648202;e8d3345e
NCT04811027;78dfd8ec
NCT04811027;07c57703
NCT04811027;c06af0d1
NCT04811027;08c60077
NCT04811027;08eb075d
NCT04811027;43d15f87
NCT04811027;d0c14027
NCT04811027;60708dde
NCT05155254;222a994d
NCT05155254;e6c9dfdc
NCT05155254;1475e788
NCT05155254;06fbe734
NCT05155254;948df963
NCT05155254;b3b0f678
NCT05155254;7ad39707
NCT05155254;5b454c2a
NCT05155254;f7b7dd51
NCT04953897;72c64c51
NCT04953897;36b78517
NCT04953897;74348948
NCT04953910;d467b576
NCT04953910;e6995819
NCT04953910;02ff669a
NCT05245071;502b5751
NCT05245071;e8876121
NCT05245071;5fc847f5
NCT05245071;3d11e406
NCT05245071;65004739
NCT05245071;e08dd841
NCT04595565;ff975ef8
NCT04595565;7ad39707
NCT04595565;d107cdc0
NCT04595565;a0594cf5
NCT04595565;5585f0ae
NCT04595565;4f441db3
NCT04595565;7be0aaf1
NCT04595565;58ad997a
NCT04595565;3d11e406
NCT04595565;bd4ed6f6
NCT04595565;ba61f11d
NCT04595565;a77ed7ec
NCT04595565;cd067087
NCT04595565;87ec4e6b
NCT04595565;c587566f
NCT04595565;78dfd8ec
NCT04595565;66426a0d
NCT04595565;01520f2c
NCT04595565;212819cb
NCT04595565;1821989c
NCT04595565;08c2e197
NCT04595565;4047950a
NCT04595565;8,79E+85
NCT04595565;a16e7837
NCT04595565;9a8a0cc5
NCT04595565;4a356ef0
NCT02070432;1a37096c
NCT04210115;49a4d600
NCT04210115;00d5e4dd
NCT05052801;bd53e8c8
NCT05052801;3f013d7d
NCT05052801;41c7f0a5
NCT05052801;0c6ae44e
NCT05052801;8f5a6389
NCT05052801;f156d1ac
NCT05052801;9596dcb5
NCT05041257;7,48E+26
NCT05041257;e43561c9
NCT05041257;e05d7fdb
NCT05041257;8d102c9f
NCT05041257;dfb778cf
NCT05041257;9596dcb5
NCT05041257;47c37117
NCT05041257;4493633d
NCT05091567;72c64c51
NCT05091567;8f49028a
NCT05091567;067a45a1
NCT05091567;18df17bb
NCT05091567;b3511875
NCT05218499;f9457103
NCT05218499;f7189efe
NCT05218499;0fa243c2
NCT05218499;9c2b76e1
NCT05218499;5cd0faf0
NCT05218499;e62180ff
NCT05218499;7b153a33
NCT05218499;1bd679c9
NCT05218499;e67b0784
NCT04950075;58297c7b
NCT04950075;b3d800df
NCT04950075;3c66ffb4
NCT04827576;d6807773
NCT04827576;e50057ea
NCT04827576;230e274b
NCT04827576;6482e42e
NCT04827576;cfdf42cd
NCT04827576;5b454c2a
NCT04827576;13244f13
NCT03288532;ec57f544
NCT03288532;51abaab6
NCT03288532;e4b0221a
NCT03288532;7c113942
NCT03288532;83c6f8b8
NCT03288532;0a6f4e09
NCT04993677;03f66a23
NCT04993677;5585f0ae
NCT03568656;9c2b76e1
NCT03568656;da670bc0
NCT03568656;792cd886
NCT04777994;1b2ce633
NCT04862780;54f0b6d5
NCT05109442;66426a0d
NCT05109442;b457a0be
NCT04260529;30ad7f74
NCT04260529;369368c8
NCT05187624;4161d837
NCT05187624;8ab4f71c
NCT05187624;13244f13
NCT05061134;b963ade6
NCT05061134;260dcfa8
NCT05061134;f995360e
NCT05061134;e41e90ae
NCT05061134;91b2055b
NCT05207709;be79e106
NCT05207709;6482e42e
NCT05207709;69877eaf
NCT05207709;9998be1c
NCT05207709;7db3f394
NCT05207709;38090a8e
NCT05207709;4251af0a
NCT05207709;6b0405cb
NCT05207709;98785999
NCT05207709;260dcfa8
NCT05207709;9f25f583
NCT05207709;9de9b6b2
NCT05207709;2a030efb
NCT05207709;c1328d64
NCT05207709;6442ea27
NCT05207709;ceaf5cc4
NCT05207709;a6216e90
NCT05207709;3e21c175
NCT05207709;925b800e
NCT05207709;e7f76e74
NCT05207709;a7c8be5f
NCT05207709;76bec950
NCT05207709;4f6cbc91
NCT05207709;4f816490
NCT05207709;fa3a8498
NCT05207709;81e3cc2a
NCT05207709;ac5fcb60
NCT05207709;7bc97667
NCT05340413;8d102c9f
NCT05340413;4ff8a319
NCT05340413;ec57f544
NCT05340413;5b4be63a
NCT05340413;07c57703
NCT05340413;4ea3e576
NCT05340413;d4252b8c
NCT05340413;5f52659f
NCT05340413;acc14470
NCT05340413;5740a294
NCT05267392;33aef6e5
NCT05169567;c26bf648
NCT05169567;ec9e0293
NCT05169567;3c4daa8c
NCT05169567;50921430
NCT05169567;a82b35ad
NCT05169567;e41e90ae
NCT05169567;e1574622
NCT05169567;8664fbe3
NCT05169567;43d15f87
NCT05067283;81f4445e
NCT05067283;360e5e29
NCT05067283;25ec0c89
NCT04907539;bfd0de7c
NCT04907539;97aeda2c
NCT04907539;4a356ef0
NCT04907539;a2fdc187
NCT04907539;9d4b6031
NCT04041310;8249c8ef
NCT04041310;1fc656ee
NCT04041310;d5c28438
NCT05061420;1a37096c
NCT05061420;34d46786
NCT05061420;8d96c04e
NCT05061420;58ad997a
NCT04928846;d107cdc0
NCT04928846;0d591594
NCT04928846;6b0405cb
NCT04928846;df39045d
NCT05118789;896b79b0
NCT05118789;da594032
NCT05118789;806da020
NCT05118789;7c113942
NCT05071053;0d591594
NCT05071053;21277108
NCT05071053;72d991a5
NCT05071053;46253146
NCT05089734;33aef6e5
NCT05089734;4c744969
NCT05089734;58ad997a
NCT05089734;9f25f583
NCT05089734;4e1aeb0c
NCT05089734;b3d800df
NCT05089734;0a6ef5f1
NCT05089734;44bed6f5
NCT05089734;ac317423
NCT05089734;a81312c7
NCT05089734;b3264797
NCT05089734;e57c3243
NCT05089734;6b0405cb
NCT05089734;0a905273
NCT05089734;42ec3f59
NCT05089734;4a6d2ec4
NCT05089734;9100ff89
NCT05089734;7a367d9c
NCT05089734;db38d73e
NCT05089734;6d6684fd
NCT05089734;fff913b7
NCT05089734;38090a8e
NCT05226598;4fcf94ca
NCT05226598;2be66701
NCT05226598;da670bc0
NCT05226598;ff975ef8
NCT05226598;8e8ca599
NCT05226598;44bed6f5
NCT03522649;5a3c9ba7
NCT03522649;d76acae1
NCT03522649;1aab413b
NCT03721744;b44313ac
NCT03721744;47c37117
NCT03721744;27a8b01f
NCT05224141;dfa51b65
NCT05224141;89d63d5e
NCT05224141;6be0950f
NCT05224141;30b7cafc
NCT05239728;bce223b0
NCT05239728;7a871c63
NCT05239728;f7a35888
NCT05239728;1e58eead
NCT05239728;643abfe9
NCT05239728;8c47971c
NCT05239728;cd067087
NCT05239728;0cc89ec9
NCT03974022;52260c64
NCT03974022;6f765624
NCT03974022;2a509a8d
NCT03974022;7,48E+26
NCT03974022;138bbbd2
NCT03974022;4f816490
NCT03974022;4493633d
NCT03974022;ace4fb0a
NCT03974022;7a367d9c
NCT05249426;a52deb62
NCT05249426;9058a100
NCT05249426;ef3533d5
NCT05002270;da594032
NCT05002270;51abaab6
NCT05002270;e7b4b769
NCT05002270;4b27d497
NCT05002270;4f816490
NCT05002270;ba61f11d
NCT05002270;09c5dc73
NCT05002270;04a2e087
NCT05002270;549a4eca
NCT04762069;00166de9
NCT04762069;8564d61b
NCT04185883;a5a61bae
NCT04185883;62f4d39d
NCT04185883;b38a7550
NCT04185883;1d209abd
NCT04185883;733ac4c8
NCT03595059;c500c666
NCT03595059;4493633d
NCT04731467;62f4d39d
NCT04731467;7f1ba71b
NCT04579757;50921430
NCT04579757;98785999
NCT05267470;db9438cf
NCT05267470;81218a00
NCT05267470;241b33f6
NCT05267470;abce87a5
NCT05267470;b20e1260
NCT03781934;c64b00d0
NCT03781934;5fca91e3
NCT03781934;fc5bf8a1
NCT05198934;e637e1c9
NCT05198934;3d11e406
NCT05198934;c7ad8937
NCT05198934;f16e000e
NCT05198934;47c37117
NCT05198934;067a45a1
NCT05198934;9992db34
NCT05198934;5f6b0cdc
NCT05198934;a73ce420
NCT05181605;5b0803dd
NCT05181605;dc71ace5
NCT05296746;571dbaba
NCT05296746;9a5b41c0
NCT05296746;3c4daa8c
NCT05296746;96b46ae3
NCT05296746;791683bd
NCT05296746;e5e9cac5
NCT05296746;8e8ca599
NCT05296746;81218a00
NCT05296746;2c64e9ae
NCT05296746;0303f28f
NCT05296746;34d46786
NCT05296746;3e912a4f
NCT05296746;9f9b9ca9
NCT05296746;6be0950f
NCT05296746;af8a240e
NCT04247256;e1cf361d
NCT04247256;cf2be4f6
NCT04247256;1f7c8ee8
NCT04247256;fcf82d0f
NCT04068597;f04929f1
NCT04068597;d8bd6825
NCT05109728;cbc5d3c9
NCT05109728;fa6a26b8
NCT05109728;54f0b6d5
NCT05109728;4ba7a6b5
NCT05171777;62f4d39d
NCT05171777;7353e0af
NCT05171777;014c74a5
NCT05171777;abe8323e
NCT05171777;2b3c7e14
NCT03805789;c8101d54
NCT03805789;12abb9e7
NCT05288166;c7ad8937
NCT05288166;3220a66f
NCT05288166;d298c8c9
NCT05288166;642567cc
NCT05288166;8ed402bb
NCT05252988;5f6b0cdc
NCT05252988;af8a240e
NCT05252988;36b9beb1
NCT05252988;39e44f74
NCT05252988;8d0a92b9
NCT05252988;29e4de37
NCT05173987;08c60077
NCT05173987;5a3c9ba7
NCT05173987;d073b74c
NCT05173987;cbc5d3c9
NCT05173987;6566add5
NCT05323656;d76acae1
NCT05323656;09aa2c72
NCT05323656;8d96c04e
NCT05323656;e5e750d3
NCT05014815;7f1ba71b
NCT05014815;b457a0be
NCT05014815;dcbd7804
NCT05014815;f85bac6a
NCT05014815;657ebdf7
NCT04892173;4e1aeb0c
NCT04892173;da44b86c
NCT04027309;8f250551
NCT04027309;4ba7a6b5
NCT04027309;f20b0e6d
NCT04027309;ec87043b
NCT04027309;0b8d0981
NCT04027309;5a3c9ba7
NCT04655118;39612ade
NCT04655118;596b7532
NCT04655118;9,56E+12
NCT04655118;b3264797
NCT04279847;8ed402bb
NCT04279847;6b72295e
NCT04629833;5a9b24e5
NCT04629833;3f041b2a
NCT04629833;4251af0a
NCT04170153;070437ea
NCT04170153;52a4292c
NCT04170153;578db9da
NCT05064358;c1328d64
NCT05064358;615fa579
NCT04830124;c1328d64
NCT04830124;9c6c2184
NCT04830124;7b153a33
NCT04830124;af8a240e
NCT03574779;89d63d5e
NCT03574779;8d0a92b9
NCT03574779;753c8227
NCT03574779;7cde69bb
NCT03574779;790d40b8
NCT05168202;711f036d
NCT05168202;a0594cf5
NCT05168202;dcbd7804
NCT04773522;5b454c2a
NCT04973137;5f2da6d6
NCT04973137;e951ad2c
NCT04973137;2a8f215e
NCT04973137;ef212813
NCT04973137;9c6c2184
NCT04973137;37c5c0e0
NCT04973137;91a1443d
NCT04674683;ff975ef8
NCT04674683;e50057ea
NCT04674683;82612a7e
NCT04674683;0fa243c2
NCT04674683;0303f28f
NCT04674683;e6c9dfdc
NCT04674683;90b89484
NCT04674683;038dff84
NCT04674683;a1262846
NCT04674683;f783e93a
NCT04674683;ebc50757
NCT03356054;3b431668
NCT03356054;34d46786
NCT04579380;bb8120d5
NCT04579380;89f09106
NCT04579380;81fee6f1
NCT04970901;2,83E+178
NCT05005442;ac8c3edc
NCT05005442;6c4433b1
NCT05005442;ac317423
NCT04764474;3b431668
NCT04764474;9,56E+12
NCT04764474;96a5b238
NCT04764474;434f8ded
NCT05023980;9ca6f08f
NCT05023980;30ad16f7
NCT05023980;87bcb322
NCT05023980;5e59b42f
NCT05179603;9ca6f08f
NCT05179603;8f49028a
NCT05144841;f995360e
NCT05144841;89f09106
NCT05008055;254dedca
NCT05008055;97fd4c03
NCT04224493;dcbd7804
NCT04074330;8e310d43
NCT04769895;7a871c63
NCT04769895;b963ade6
NCT04769895;fecf7aca
NCT05120349;94df9d63
NCT05120349;5c31aa5b
NCT05120349;568e534d
NCT05120349;2d2fd020
NCT05221840;65004739
NCT05221840;60a68575
NCT05221840;2996fcf3
NCT05221840;df657b15
NCT05221840;c65d1fe6
NCT05221840;ad51853f
NCT05221840;b963ade6
NCT05186974;60efba94
NCT05186974;6442ea27
NCT05186974;a77ed7ec
NCT05186974;08c2e197
NCT05186974;54107721
NCT05186974;efc3101d
NCT05186974;e43561c9
NCT05186974;5e528ef3
NCT05186974;c587566f
NCT05186974;611b0b19
NCT05061550;2962024e
NCT05061550;4ff8a319
NCT05061550;effbe64e
NCT05061550;4b27d497
NCT05061550;3e21c175
NCT05061550;44806377
NCT05061550;85e06987
NCT05061550;554b48cd
NCT05240131;b44313ac
NCT05240131;3378af33
NCT05240131;3b431668
NCT05398094;3431454
NCT05398094;74348948
NCT05398094;868d5c79
NCT05398094;7bc97667
NCT05398094;00cf70f1
NCT05398094;284feb79
NCT05398094;b4e6fc50
NCT05398094;255d0d07
NCT05398094;c975d68a
NCT05398094;a471a342
NCT05398094;7e0e7cf4
NCT05398094;8ced6b02
NCT05398094;90ddf73c
NCT05398094;0390dd6d
NCT04170283;3c5efef0
NCT04170283;09c5dc73
NCT05073458;e1574622
NCT03799835;6126dcb2
NCT04812535;34dd0232
NCT04812535;8c361c2b
NCT04895748;255d0d07
NCT04983810;c8d2b0cc
NCT05052255;df860cf2
NCT04989387;94df9d63
NCT04989387;e102ffe8
NCT04989387;3220a66f
NCT02587169;2,83E+178
NCT03502668;de4647b1
NCT03502668;4a356ef0
NCT03567889;e5e9cac5
NCT04119050;a700121d
NCT04281472;9fbbd5f0
NCT04458259;f9fffacb
NCT04458259;6581301d
NCT04458259;6412fec4
NCT04562766;65004739
NCT04624659;fff913b7
NCT04633187;384dc925
NCT04650984;cdb7d342
NCT04650984;ef05b789
NCT04702425;385b9a3c
NCT04770753;6b0405cb
NCT04770779;59ab535e
NCT04844866;16e24412
NCT04844866;0f6a5ff3
NCT04844866;089d41ad
NCT04871282;753c8227
NCT04871282;6e8a7b31
NCT04880434;9d4b6031
NCT04889924;29b6927a
NCT04948333;792cd886
NCT04948333;14299d2c
NCT04965493;2,83E+178
NCT04965753;806da020
NCT04988386;d107cdc0
NCT04988386;b4e5e233
NCT04996875;abe8323e
NCT05020665;7353e0af
NCT05020665;6fcaaf8c
NCT05053139;feeed2f3
NCT05059522;7e139329
NCT05059522;1102b5e5
NCT05077709;08eb075d
NCT05077709;3d11e406
NCT05086744;6b72295e
NCT05099172;09aa2c72
NCT05099172;6fcaaf8c
NCT05127590;a4d9eb86
NCT05127590;4ff8a319
NCT05127590;a8dff199
NCT05127590;81e3cc2a
NCT05146440;4ea3e576
NCT05146440;2c64e9ae
NCT05181618;f67c1c13
NCT05181618;c36bf3eb
NCT05201612;a2fdc187
NCT05201612;dfb778cf
NCT05201612;4a356ef0
NCT05201612;34dd0232
NCT05201612;dfb778cf
NCT05201612;415501b0
NCT05201612;b38a7550
NCT05201612;dc8f539a
NCT05201612;7e0e7cf4
NCT05201612;52a4292c
NCT05219435;16e24412
NCT05219435;96031a3b
NCT05219435;47861f77
NCT05219435;568e534d
NCT05250973;c9f1cf47
NCT05250973;e7b7f72a
NCT05250973;b07b3fb8
NCT05253807;154b8c6d
NCT05253807;089d41ad
NCT05253807;f16e000e
NCT05253807;c9f1cf47
NCT05253807;673cd649
NCT05253807;1a84ddf7
NCT05253807;6142e1d6
NCT05253807;8c47971c
NCT05253807;e5e750d3
NCT05253807;7d9329b8
NCT05253807;711f036d
NCT05253807;49ca2dcc
NCT05259839;c086ff58
NCT05259839;ed8989ad
NCT05262530;91dd839b
NCT05267106;21277108
NCT05267106;7ded2961
NCT05267106;e102ffe8
NCT05267106;04f07a1d
NCT05267106;e9c5c305
NCT05267106;0a6f4e09
NCT05267106;9635d3db
NCT05267106;7b153a33
NCT05267106;5996176c
NCT05267106;2715096b
NCT05267106;ef72dfdb
NCT05283720;222a994d
NCT05283720;925b800e
NCT05283720;d7253f17
NCT05283720;1f7c8ee8
NCT05283720;a0b5398c
NCT05298423;ea9cf81a
NCT05298423;5c31aa5b
NCT05298423;fa3a8498
NCT05298592;6c4433b1
NCT05305040;3d768763
NCT05328908;1e58eead
NCT05328908;29b6927a
NCT05328908;4fcf94ca
NCT05338775;f9fffacb
NCT05338775;0ca41679
NCT05338775;cf2be4f6
NCT05338970;2f22ffa4
NCT05338970;65004739
NCT05338970;00166de9
NCT05338970;6b0405cb
NCT05356741;9,71E+10
NCT05356741;2,83E+178
NCT05356741;9f9b9ca9
NCT05374512;a4d62f85
NCT05374512;6b3c8190
NCT05374512;2e22effc
NCT05374512;cbccb1cc
NCT05374512;ef212813
NCT05379595;a471a342
NCT05379595;69481414
NCT05379595;7814c45e
NCT05379595;ea9cf81a
NCT05379595;62f4d39d
NCT05384015;f156d1ac
NCT05384015;260dcfa8
NCT05385705;e3504906
NCT05385705;4c744969
NCT05388669;623dde96
NCT05388669;948df963
NCT05388669;e08dd841
NCT05388669;afd91a07
NCT05388669;f7ebfdaf
NCT05388669;3f0adfbc
NCT05388669;77808a26
NCT04913285;a73ce420
NCT04913285;36e7164e
NCT04913285;bfd0de7c
NCT04913285;711f036d
NCT05383352;753c8227
NCT05383352;b27583b2
NCT05383352;451b4762
NCT05383352;93d316e8
NCT05383352;bd7ccc4d
NCT05383352;2a8f215e
NCT05383352;81218a00
NCT05383352;47c37117
NCT05383352;254dedca
NCT05383352;12abb9e7
NCT04180371;12abb9e7
NCT04180371;0db595ab
NCT04180371;3d330944
NCT04180371;34dd0232
NCT04180371;6b0405cb
NCT04180215;b312ddca
NCT04180215;a0d6ebe1
NCT04180215;c46a9032
NCT04180215;bf3cf164
NCT05217446;d53ee9ad
NCT05217446;3c66ffb4
NCT05217446;1b45d14d
NCT05217446;59f864cd
NCT05217446;cdb7d342
NCT05217446;bcb2a6aa
NCT05217446;070437ea
NCT05217446;d8bd6825
NCT05217446;1df296e7
NCT05111626;300b6042
NCT03247309;30b7cafc
NCT04854499;1f59b99b
NCT04854499;0cfffe01
NCT04854499;a9993451
NCT04854499;438248f8
NCT04854499;0fa243c2
NCT04854499;9ac9baa2
NCT04854499;dc71ace5
NCT05382286;54107721
NCT05382286;f314817a
NCT05382286;ad59d38a
NCT05382286;fa6a26b8
NCT05430555;65004739
NCT05430555;384dc925
NCT05238883;1,01E+09
NCT05238883;d5653f49
NCT05238883;da44b86c
NCT03088059;49a4d600
NCT03088059;6b3c8190
NCT03088059;a1262846
NCT02584478;5c31aa5b
NCT02584478;2996fcf3
NCT05137054;aeb034cc
NCT05137054;36b78517
NCT05137054;4f1fc8a9
NCT05137054;e7b4b769
NCT04887259;1b2ce633
NCT04887259;49a4d600
NCT04887259;1e4aa925
NCT05117476;bde8ecbf
NCT05117476;c26bf648
NCT04305054;62f4d39d
NCT04305054;d76acae1
NCT04700072;60708dde
NCT04700072;5fca91e3
NCT04934670;08eb075d
NCT04934670;311dbdb7
NCT05142189;5ce954e5
NCT04919811;75d9fbd4
NCT04919811;87bcb322
NCT04919811;06dabdc8
NCT04919811;abce87a5
NCT04919811;e83a7f8b
NCT04919811;f1ff9973
NCT05296798;1c8b8b13
NCT05296798;7814c45e
NCT05296798;898635d8
NCT05296798;578db9da
NCT04829604;62f4d39d
NCT04829604;6b3c8190
NCT04829604;583b971f
NCT05382299;14299d2c
NCT05382299;c8571370
NCT05382299;1b13a4f4
NCT05382299;7c113942
NCT05382299;ac5fcb60
NCT05153239;e7b7f72a
NCT05153239;05022ca2
NCT05153239;7e139329
NCT05153239;792cd886
NCT05153239;0f2696e8
NCT05153239;4b1d009f
NCT05153239;5ce954e5
NCT05317416;c500c666
NCT05317416;451b4762
NCT05317416;ed8989ad
NCT05317416;44806377
NCT05256381;21830a53
NCT05256381;311dbdb7
NCT05256381;87f00a7d
NCT05256381;b7e78588
NCT05256381;58297c7b
NCT05256381;3e912a4f
NCT05229601;c587566f
NCT05229601;d8ca01fe
NCT05432375;d64b7302
NCT05432375;138bbbd2
NCT05432375;42ec3f59
NCT05525286;96b46ae3
NCT05525286;a52deb62
NCT03215030;642567cc
NCT03761108;9dc827d6
NCT03761108;260dcfa8
NCT04657081;e7f76e74
NCT04657081;59ab535e
NCT04778397;aa1033a1
NCT04888312;d76acae1
NCT04888312;9ac9baa2
NCT04888312;c8bb9f11
NCT04888312;abe8323e
NCT05172596;52a4292c
NCT05211570;130bd358
NCT05211570;feeed2f3
NCT05211895;da6b67ce
NCT05259722;fb9ab095
NCT05261399;d81b20e2
NCT05265650;130bd358
NCT05265650;b38a7550
NCT05270044;b44f8662
NCT05270044;eb8346ca
NCT05348577;bd7ccc4d
NCT05348577;65a5dbaf
NCT05348577;69ed45ae
NCT05348577;643abfe9
NCT05348577;3bae964d
NCT05348577;65004739
NCT05348577;c81a5ec0
NCT05348577;232d59e6
NCT05364073;168a085d
NCT05415215;b457a0be
NCT05415215;3f0adfbc
NCT05416307;f85bac6a
NCT05440786;25ec0c89
NCT05451784;bde8ecbf
NCT05453903;8c361c2b
NCT05453903;a159daa2
NCT05455320;8f877628
NCT04336241;56a85634
NCT03648372;4b27d497
NCT04985604;e637e1c9
NCT04502394;7db3f394
NCT03964727;5cd0faf0
NCT03964727;568e1359
NCT03964727;4cc000cc
NCT05079230;9de9b6b2
NCT05091346;bfd0de7c
NCT05091346;c26bf648
NCT05091346;0915a01c
NCT05091346;6f48436f
NCT05275868;da6b67ce
NCT05446870;4f441db3
NCT05446870;e8d3345e
NCT05458297;b0c7b01c
NCT05498155;a9993451
NCT05498155;bd4ed6f6
NCT05498311;b38a7550
NCT05304377;d6807773
NCT05337137;2c64e9ae
NCT05337137;8f250551
NCT05458856;69ed45ae
NCT05199337;18df17bb
NCT05372367;6a0cdcba
NCT05372367;db9438cf
NCT05372367;5416769d
NCT05358379;812e3eaa
NCT03964233;254dedca
NCT05142696;b7e78588
NCT05142696;bde8ecbf
NCT05372354;a9612d10
NCT04780464;0f6a5ff3
NCT04780464;df860cf2
NCT05361395;f16e000e
NCT05361395;254dedca
NCT04839991;5996176c
NCT04839991;b38a7550
NCT04093570;7db3f394
NCT04260126;f71d063a
NCT05254171;6be0950f
NCT05254171;219bd912
NCT05254171;db0afeac
NCT05254171;87ec4e6b
NCT05254171;622b5a38
NCT05254171;520f0571
NCT05254171;42ec3f59
NCT05330429;ede16f15
NCT05352672;872237dd
NCT05352672;cc9b511d
NCT05352672;7814c45e
NCT05203172;dc60f355
NCT05215340;f5bc53ec
NCT05215340;ae9a1fc6
NCT05215340;673cd649
NCT04933942;bfd0de7c
NCT05542342;1f7c8ee8
NCT05171049;7f4804c3
NCT05171049;e83a7f8b
NCT05171049;bb8120d5
NCT05171049;02ff669a
NCT05171049;46538524
NCT05171049;6c4513fa
NCT05171049;0c8d810d
NCT05171075;57298d6d
NCT05171075;1c8b8b13
NCT05171075;241b33f6
NCT05171075;9de9b6b2
NCT05171075;5e59b42f
NCT05171075;19fa8996
NCT05171075;a0d6ebe1
NCT05171075;3e912a4f
NCT04877522;cad1f698
NCT04920617;8976bc76
NCT05406401;067a45a1
NCT04622774;63f30e2b
NCT04622774;f8a1db2b
NCT03255070;9d113d42
NCT05327530;59ab535e
NCT05327530;2b3c7e14
NCT05327530;87ec4e6b
NCT05327530;4047950a
NCT04082936;f5bc53ec
NCT04082936;01520f2c
NCT04082936;de4647b1
NCT04082936;97aeda2c
NCT04419649;ab1a298b
NCT04855435;6ff161ac
NCT04855435;4fba55f6
NCT05263999;bd7ccc4d
NCT05558319;374c15b9
NCT05558319;e8876121
NCT05558319;070437ea
NCT05558319;bfd0de7c
NCT05254743;e6995819
NCT05254743;57f11547
NCT05054725;1a1091f6
NCT05054725;958b05f3
NCT05054725;3c4daa8c
NCT05054725;7bd2cdbd
NCT03744468;feeed2f3
NCT03037645;3b7cd5f1
NCT05405166;ebc50757
NCT05405166;c46a9032
NCT05405166;1,01E+09
NCT04657068;ec38c1d2
NCT05169515;1821989c
NCT02952508;be8539a9
NCT05587296;fe5ecf11
NCT05132075;812e3eaa
NCT05132075;e41e90ae
NCT05429762;db1b90e0
NCT05328102;7d9329b8
NCT05569811;7e0e7cf4
NCT05502237;4719055
NCT05037760;d1cb6010
NCT05216432;1f59b99b
NCT05593614;f9fffacb
NCT05583617;8f877628
NCT04735978;df39045d